category,employeeId,name,phone,district,currentResourceId,proposedResourceId,matchType,sourceVia,sourceName,candidateIds,sourceNameCount,sourceKinds,reason
unavailable,CISS/TCS/2026-27/047,MANEESH MANIKUTTAN,6235077674,Alappuzha,123456,,exact_name,none,MANEESH MANIKUTTAN,,,,"No source ID found by exact name, phone, or conservative name matching"
unavailable,CISS/TCS/2026-27/631,AKSHAY ULLAS,7736782202,Kozhikode,0000000,,exact_name,none,AKSHAY ULLAS,,,,"No source ID found by exact name, phone, or conservative name matching"
unavailable,CISS/TCS/2026-27/490,ABHISHEK RAVI RB,8754723702,Thiruvananthapuram,00000000,,exact_name,none,ABHISHEK RAVI RB,,,,"No source ID found by exact name, phone, or conservative name matching"
unavailable,CISS/TCS/2025-26/615,RAFEENA  A,8848262674,Palakkad,00000,,exact_name,none,RAFEENA  A,,,,"No source ID found by exact name, phone, or conservative name matching"
unavailable,CISS/TCS/2025-26/180,SAJINA  N,8943720440,Thiruvananthapuram,512846,,exact_name,none,SAJINA  N,,,,"No source ID found by exact name, phone, or conservative name matching"
unavailable,CISS/TCS/2025-26/623,UNNIKRISHNAN P,9656936316,Kozhikode,KL5720120010042,,exact_name,none,UNNIKRISHNAN P,,,,"No source ID found by exact name, phone, or conservative name matching"
unavailable,CISS/TCS/2026-27/438,SONY K SIBY,9656420034,Kottayam,590525,,exact_name,none,SONY K SIBY,,,,"No source ID found by exact name, phone, or conservative name matching"
unavailable,CISS/TCS/2026-27/993,AMALKRISHNA V M,9048724984,Thrissur,00000,,exact_name,none,AMALKRISHNA V M,,,,"No source ID found by exact name, phone, or conservative name matching"
unavailable,CISS/TCS/2025-26/1020,ADITHYAN  KS,8593020075,Thrissur,00,,exact_name,none,ADITHYAN  KS,,,,"No source ID found by exact name, phone, or conservative name matching"
unavailable,CISS/TCS/2025-26/309,shahida shahida,9539585192,Thiruvananthapuram,250890328135,,exact_name,none,shahida shahida,,,,"No source ID found by exact name, phone, or conservative name matching"
unavailable,CISS/TCS/2025-26/092,Arun E R ,9544370427,Thrissur,000000,,exact_name,none,Arun E R ,,,,"No source ID found by exact name, phone, or conservative name matching"
unavailable,CISS/TCS/2025-26/1024,ROY P THOMAS,9961817795,Ernakulam, 459147,,exact_name,none,ROY P THOMAS,,,,"No source ID found by exact name, phone, or conservative name matching"
unavailable,CISS/TCS/2025-26/645,Madhav S,7034592581,Thiruvananthapuram,TCS3580,,exact_name,none,Madhav S,,,,"No source ID found by exact name, phone, or conservative name matching"
unavailable,CISS/TCS/2026-27/469,K M NIHALA YASMIN,8078110717,Thrissur,000000,,exact_name,none,K M NIHALA YASMIN,,,,"No source ID found by exact name, phone, or conservative name matching"
unavailable,CISS/TCS/2025-26/155,ALICE THOMASKUTTU,9605191312,Pathanamthitta,461069,,exact_name,none,ALICE THOMASKUTTU,,,,"No source ID found by exact name, phone, or conservative name matching"
unavailable,CISS/TCS/2025-26/014,AFSHEEN HAKIM,9496152590,Ernakulam,510667,,exact_name,none,AFSHEEN HAKIM,,,,"No source ID found by exact name, phone, or conservative name matching"
unavailable,CISS/TCS/2026-27/312,ALSABITH B S,9778005287,Ernakulam,556320,,exact_name,none,ALSABITH B S,,,,"No source ID found by exact name, phone, or conservative name matching"
unavailable,CISS/TCS/2026-27/959,ZIYA RAFEEQUE,8129310787,Ernakulam,000,,exact_name,none,ZIYA RAFEEQUE,,,,"No source ID found by exact name, phone, or conservative name matching"
unavailable,CISS/TCS/2025-26/1032,SALMAN JAMAL,8848194594,Kollam,0000,,exact_name,none,SALMAN JAMAL,,,,"No source ID found by exact name, phone, or conservative name matching"
unavailable,CISS/TCS/2025-26/1034,PRASEETHA PRASEETHA.P.B,8606567239,Palakkad,000000,,exact_name,none,PRASEETHA PRASEETHA.P.B,,,,"No source ID found by exact name, phone, or conservative name matching"
unavailable,CISS/TCS/2026-27/919,JISHNU N,9656182564,Thiruvananthapuram,0000,,exact_name,none,JISHNU N,,,,"No source ID found by exact name, phone, or conservative name matching"
unavailable,CISS/TCS/2025-26/315,MOHAMMED  SHEHIM V,9074296167,Palakkad,000000,,exact_name,none,MOHAMMED  SHEHIM V,,,,"No source ID found by exact name, phone, or conservative name matching"
unavailable,CISS/TCS/2025-26/1037,SOORAJ  S,9544549149,Kollam,TCS46464,,exact_name,none,SOORAJ  S,,,,"No source ID found by exact name, phone, or conservative name matching"
unavailable,CISS/TCS/2026-27/012,AHAD HAIZAM,9048847189,Thrissur,563216 ,,exact_name,none,AHAD HAIZAM,,,,"No source ID found by exact name, phone, or conservative name matching"
unavailable,CISS/FBL/2025-26/839,CHANDRA BABU MOOTHEDATH ,9745478897,Malappuram,,,exact_name,none,CHANDRA BABU MOOTHEDATH ,,,,"No source ID found by exact name, phone, or conservative name matching"
unavailable,CISS/TCS/2025-26/1040,FATHIMA  SANAM,6282933354,Palakkad,000000,,exact_name,none,FATHIMA  SANAM,,,,"No source ID found by exact name, phone, or conservative name matching"
unavailable,CISS/TCS/2026-27/581,DINESAN T P,9847635384,Kannur,586442,,exact_name,none,DINESAN T P,,,,"No source ID found by exact name, phone, or conservative name matching"
unavailable,CISS/TCS/2025-26/051,Jeevan Kunjumon,9061126427,Kollam,98765,,exact_name,none,Jeevan Kunjumon,,,,"No source ID found by exact name, phone, or conservative name matching"
unavailable,CISS/TCS/2025-26/1056,SEENA A. T,9539873340,Thrissur,488933,,exact_name,none,SEENA A. T,,,,"No source ID found by exact name, phone, or conservative name matching"
unavailable,CISS/TCS/2025-26/566,RIJO SAJI,7012221797,Thrissur,00,,exact_name,none,RIJO SAJI,,,,"No source ID found by exact name, phone, or conservative name matching"
unavailable,CISS/TCS/2026-27/212,ARYANANDHA O R,9645885692,Thrissur,000000,,exact_name,none,ARYANANDHA O R,,,,"No source ID found by exact name, phone, or conservative name matching"
unavailable,CISS/TCS/2026-27/719,AADHILA FATHIMA P N,9074494863,Ernakulam,000,,exact_name,none,AADHILA FATHIMA P N,,,,"No source ID found by exact name, phone, or conservative name matching"
unavailable,CISS/TCS/2025-26/570,GITHINA KUMARI,9142700354,Pathanamthitta,461072,,exact_name,none,GITHINA KUMARI,,,,"No source ID found by exact name, phone, or conservative name matching"
unavailable,CISS/TCS/2025-26/1074,JOJO PJ,9946229906,Ernakulam, 260382,,exact_name,none,JOJO PJ,,,,"No source ID found by exact name, phone, or conservative name matching"
unavailable,CISS/TCS/2025-26/010,ASWIN ASOK,7012122724,Thrissur,461411,,exact_name,none,ASWIN ASOK,,,,"No source ID found by exact name, phone, or conservative name matching"
unavailable,CISS/TCS/2025-26/1084,Roshin T,6235182686,Kollam,724345,,exact_name,none,Roshin T,,,,"No source ID found by exact name, phone, or conservative name matching"
unavailable,CISS/TCS/2025-26/1085,JANNA ROSE MARTIN,9895781467,Ernakulam,510681,,exact_name,none,JANNA ROSE MARTIN,,,,"No source ID found by exact name, phone, or conservative name matching"
unavailable,CISS/TCS/2025-26/1087,ARCHANA BABU,7012221608,Thrissur,460295,,exact_name,none,ARCHANA BABU,,,,"No source ID found by exact name, phone, or conservative name matching"
unavailable,CISS/TCS/2025-26/1036,IHSAAN A,7306649532,Kollam,00000,,exact_name,none,IHSAAN A,,,,"No source ID found by exact name, phone, or conservative name matching"
unavailable,CISS/TCS/2026-27/565,HUSNA RAIHANA TA,9539310918,Thrissur,000000,,exact_name,none,HUSNA RAIHANA TA,,,,"No source ID found by exact name, phone, or conservative name matching"
unavailable,CISS/TCS/2026-27/713,RIDHUNA PK,8137857629,Malappuram,715039018159,,exact_name,none,RIDHUNA PK,,,,"No source ID found by exact name, phone, or conservative name matching"
unavailable,CISS/TCS/2025-26/1089,SUDHI CHANDRAN,8137071217,Kollam,200712,,exact_name,none,SUDHI CHANDRAN,,,,"No source ID found by exact name, phone, or conservative name matching"
unavailable,CISS/TCS/2025-26/1092,SAVAD ABDU RAHMAN C SAVAD,9567612626,Palakkad,0000000,,exact_name,none,SAVAD ABDU RAHMAN C SAVAD,,,,"No source ID found by exact name, phone, or conservative name matching"
unavailable,CISS/TCS/2025-26/378,KARTHIK  N,9061210057,Thrissur,459813,,fuzzy_name,name,Karthik P,,,,"No source ID found by exact name, phone, or conservative name matching"
unavailable,CISS/TCS/2025-26/712,AMAL BENNY,7559956832,Idukki,510649,,exact_name,none,AMAL BENNY,,,,"No source ID found by exact name, phone, or conservative name matching"
unavailable,CISS/TCS/2026-27/694,KAILAS M S,9562143886,Ernakulam,573310 ,,exact_name,none,KAILAS M S,,,,"No source ID found by exact name, phone, or conservative name matching"
unavailable,CISS/TCS/2025-26/232,SHAHIDA VK  SHAHIDA SABITH ,8592800806,Malappuram,285655,,exact_name,none,SHAHIDA VK  SHAHIDA SABITH ,,,,"No source ID found by exact name, phone, or conservative name matching"
unavailable,CISS/TCS/2025-26/1094,JOHN PAUL  SABU,8075791671,Thrissur,0000,,exact_name,none,JOHN PAUL  SABU,,,,"No source ID found by exact name, phone, or conservative name matching"
unavailable,CISS/TCS/2025-26/375,APARNA  KS,9744331341,Kottayam,485384,,exact_name,none,APARNA  KS,,,,"No source ID found by exact name, phone, or conservative name matching"
unavailable,CISS/TCS/2025-26/173,SUNITHA  S,8129982580,Kollam,654321,,exact_name,none,SUNITHA  S,,,,"No source ID found by exact name, phone, or conservative name matching"
unavailable,CISS/TCS/2025-26/219,NANDU KRISHNA K S NANDU ,8304025712,Kozhikode,440832,,exact_name,none,NANDU KRISHNA K S NANDU ,,,,"No source ID found by exact name, phone, or conservative name matching"
unavailable,CISS/TCS/2025-26/1026,JOHN C  MERLY,9961937451,Thiruvananthapuram,503833,,exact_name,none,JOHN C  MERLY,,,,"No source ID found by exact name, phone, or conservative name matching"
unavailable,CISS/TCS/2026-27/809,SANTHI GOMATHY,9746808802,Thiruvananthapuram,TCS,,exact_name,none,SANTHI GOMATHY,,,,"No source ID found by exact name, phone, or conservative name matching"
unavailable,CISS/TCS/2026-27/345,RENJU K POULOSE,9605602535,Wayanad,00000,,exact_name,none,RENJU K POULOSE,,,,"No source ID found by exact name, phone, or conservative name matching"
unavailable,CISS/TCS/2026-27/284,ANAND T A,7736588043,Kottayam,571463,,exact_name,none,ANAND T A,,,,"No source ID found by exact name, phone, or conservative name matching"
unavailable,CISS/TCS/2026-27/122,ATHYUJA SUJITH,6238975193,Thrissur,00,,exact_name,none,ATHYUJA SUJITH,,,,"No source ID found by exact name, phone, or conservative name matching"
unavailable,CISS/TCS/2025-26/1114,VISHNUPRASAD V,9188220762,Thrissur,00000,,exact_name,none,VISHNUPRASAD V,,,,"No source ID found by exact name, phone, or conservative name matching"
unavailable,CISS/TCS/2026-27/852,ANASWARA JANARDHANAN,8075072496,Palakkad,R0,,exact_name,none,ANASWARA JANARDHANAN,,,,"No source ID found by exact name, phone, or conservative name matching"
unavailable,CISS/TCS/2025-26/376,SURAJ  KUMAR,9207013081,Ernakulam,459954,,exact_name,none,SURAJ  KUMAR,,,,"No source ID found by exact name, phone, or conservative name matching"
unavailable,CISS/TCS/2025-26/778,ASHWANI  KM,9072192238,Ernakulam,509341,,exact_name,none,ASHWANI  KM,,,,"No source ID found by exact name, phone, or conservative name matching"
unavailable,CISS/TCS/2026-27/278,SANIYA S S,6238098930,Thrissur,00000,,exact_name,none,SANIYA S S,,,,"No source ID found by exact name, phone, or conservative name matching"
unavailable,CISS/TCS/2026-27/815,GAYATHRI P A,8848670517,Thiruvananthapuram,584721,,exact_name,none,GAYATHRI P A,,,,"No source ID found by exact name, phone, or conservative name matching"
unavailable,CISS/TCS/2025-26/1120,NISHAD  MP,8547112448,Lakshadweep,147043,,exact_name,name,NISHAD  MP,,,,"No source ID found by exact name, phone, or conservative name matching"
unavailable,CISS/TCS/2025-26/529,ANSHIF BIN,6235144809,Wayanad,308214,,exact_name,none,ANSHIF BIN,,,,"No source ID found by exact name, phone, or conservative name matching"
unavailable,CISS/TCS/2026-27/910,SINAN BIN SALIM,7902451781,Thrissur,000000,,exact_name,none,SINAN BIN SALIM,,,,"No source ID found by exact name, phone, or conservative name matching"
unavailable,CISS/TCS/2026-27/525,THULASIDHARAN PILLAI,8590774678,Kollam,588154,,exact_name,none,THULASIDHARAN PILLAI,,,,"No source ID found by exact name, phone, or conservative name matching"
unavailable,CISS/TCS/2025-26/095,SREEBHA S,8590454365,Palakkad,000000,,exact_name,none,SREEBHA S,,,,"No source ID found by exact name, phone, or conservative name matching"
unavailable,CISS/TCS/2026-27/311,ARUN PAUL,7034131244,Thrissur,000000,,exact_name,none,ARUN PAUL,,,,"No source ID found by exact name, phone, or conservative name matching"
unavailable,CISS/TCS/2026-27/471,LENA ROSE C,7994272051,Thrissur,000000,,exact_name,none,LENA ROSE C,,,,"No source ID found by exact name, phone, or conservative name matching"
unavailable,CISS/TCS/2025-26/1131,SOORAJ R,8590885922,Thiruvananthapuram,,,exact_name,none,SOORAJ R,,,,"No source ID found by exact name, phone, or conservative name matching"
unavailable,CISS/TCS/2026-27/665,AMEEN MUHAMMAD,9207572418,Kottayam,558615 ,,exact_name,none,AMEEN MUHAMMAD,,,,"No source ID found by exact name, phone, or conservative name matching"
unavailable,CISS/TCS/2025-26/1132,AJEESH R,9629037573,Palakkad,000000,,exact_name,none,AJEESH R,,,,"No source ID found by exact name, phone, or conservative name matching"
unavailable,CISS/TCS/2026-27/823,VISHNU C,9847317478,Kannur,,,exact_name,none,VISHNU C,,,,"No source ID found by exact name, phone, or conservative name matching"
unavailable,CISS/TCS/2025-26/958,Bimal Krishna N A,7736511758,Thrissur,000,,exact_name,none,Bimal Krishna N A,,,,"No source ID found by exact name, phone, or conservative name matching"
unavailable,CISS/TCS/2026-27/974,SAVER RAJEEV,7736845962,Alappuzha,123578,,exact_name,none,SAVER RAJEEV,,,,"No source ID found by exact name, phone, or conservative name matching"
unavailable,CISS/TCS/2025-26/727,JISHA THOMAS KANNAMPILLY,9400036667,Thrissur,00,,exact_name,none,JISHA THOMAS KANNAMPILLY,,,,"No source ID found by exact name, phone, or conservative name matching"
unavailable,CISS/TCS/2025-26/390,NEERAJ PRATHEESH,7511153077,Thrissur, 503695,,exact_name,none,NEERAJ PRATHEESH,,,,"No source ID found by exact name, phone, or conservative name matching"
unavailable,CISS/TCS/2026-27/507,NIYAS N N,6282593804,Thrissur,000000,,exact_name,none,NIYAS N N,,,,"No source ID found by exact name, phone, or conservative name matching"
unavailable,CISS/TCS/2026-27/860,GOPALA KRISHNAN,8547661254,Thiruvananthapuram,000000,,fuzzy_name,name,GOPALAKRISHNAN K,,,,"No source ID found by exact name, phone, or conservative name matching"
unavailable,CISS/TCS/2025-26/708,HAREESH  P B ,9745927545,Palakkad,000000,,exact_name,none,HAREESH  P B ,,,,"No source ID found by exact name, phone, or conservative name matching"
unavailable,CISS/TCS/2025-26/613,RAKHI  K,9567671597,Kollam,234567,,exact_name,none,RAKHI  K,,,,"No source ID found by exact name, phone, or conservative name matching"
unavailable,CISS/TCS/2025-26/1110,SHEHNA K KAMARUDEEN ,8848996839,Kollam, 468533,,exact_name,none,SHEHNA K KAMARUDEEN ,,,,"No source ID found by exact name, phone, or conservative name matching"
unavailable,CISS/TCS/2025-26/286,THEJAL  SHAJ,9778364254,Thrissur,461497,,exact_name,none,THEJAL  SHAJ,,,,"No source ID found by exact name, phone, or conservative name matching"
unavailable,CISS/TCS/2026-27/517,HARI KRISHNAN S,8848454408,Kottayam,225369,,exact_name,none,HARI KRISHNAN S,,,,"No source ID found by exact name, phone, or conservative name matching"
unavailable,CISS/TCS/2026-27/384,VIPUL KRISHNA P V,9074881931,Kannur,568627 ,,exact_name,none,VIPUL KRISHNA P V,,,,"No source ID found by exact name, phone, or conservative name matching"
unavailable,CISS/TCS/2026-27/181,AMRITHA C R,9061456576,Thrissur,574352,,exact_name,none,AMRITHA C R,,,,"No source ID found by exact name, phone, or conservative name matching"
unavailable,CISS/TCS/2026-27/334,ADITH K P,7907038759,Kannur,00000,,exact_name,none,ADITH K P,,,,"No source ID found by exact name, phone, or conservative name matching"
unavailable,CISS/TCS/2026-27/210,ANAND M,8606076956,Palakkad,000000,,exact_name,none,ANAND M,,,,"No source ID found by exact name, phone, or conservative name matching"
unavailable,CISS/TCS/2025-26/624,SMITHA  BIJU ,8281124134,Kottayam,2007,,exact_name,none,SMITHA  BIJU ,,,,"No source ID found by exact name, phone, or conservative name matching"
unavailable,CISS/TCS/2025-26/1048,MOHAMMED  RISHAN P.A,8714289931,Ernakulam,00000,,exact_name,none,MOHAMMED  RISHAN P.A,,,,"No source ID found by exact name, phone, or conservative name matching"
unavailable,CISS/TCS/2025-26/1000,PRAVEEN  O,8606125795,Kollam,TCS250299,,exact_name,none,PRAVEEN  O,,,,"No source ID found by exact name, phone, or conservative name matching"
unavailable,CISS/TCS/2025-26/1148,ABISHAR  SHARAFUDHEEN,7902484584,Kannur,425705,,exact_name,none,ABISHAR  SHARAFUDHEEN,,,,"No source ID found by exact name, phone, or conservative name matching"
unavailable,CISS/TCS/2026-27/441,SAYUSH SUBHASH,9567819168,Thrissur,000000,,exact_name,none,SAYUSH SUBHASH,,,,"No source ID found by exact name, phone, or conservative name matching"
unavailable,CISS/TCS/2025-26/1149,DIYA  K,8714505942,Kannur,538388,,exact_name,none,DIYA  K,,,,"No source ID found by exact name, phone, or conservative name matching"
unavailable,CISS/TCS/2025-26/646,AKHIL M,8943529266,Kozhikode,503731,,exact_name,none,AKHIL M,,,,"No source ID found by exact name, phone, or conservative name matching"
unavailable,CISS/TCS/2025-26/1153,FARSANA  P J,8304851264,Palakkad,558659,,exact_name,none,FARSANA  P J,,,,"No source ID found by exact name, phone, or conservative name matching"
unavailable,CISS/TCS/2026-27/983,SIVAPRASAD  NARAYANAN,9946669078,Ernakulam,584566,,exact_name,none,SIVAPRASAD  NARAYANAN,,,,"No source ID found by exact name, phone, or conservative name matching"
unavailable,CISS/TCS/2026-27/898,P. S. MADHAV,8891970038,Kollam,807588,,exact_name,none,P. S. MADHAV,,,,"No source ID found by exact name, phone, or conservative name matching"
unavailable,CISS/TCS/2026-27/760,NAVYA LAKSHMI V S,9567655659,Thiruvananthapuram,000000,,exact_name,none,NAVYA LAKSHMI V S,,,,"No source ID found by exact name, phone, or conservative name matching"
unavailable,CISS/TCS/2025-26/1157,SUKUMARAN MT,9048083480,Malappuram,No,,exact_name,none,SUKUMARAN MT,,,,"No source ID found by exact name, phone, or conservative name matching"
unavailable,CISS/TCS/2025-26/496,SREEHARI  J S,7994190472,Thiruvananthapuram,2052004,,exact_name,none,SREEHARI  J S,,,,"No source ID found by exact name, phone, or conservative name matching"
unavailable,CISS/TCS/2025-26/1049,ABHIJITH RAVEENDRAN,7736341889,Alappuzha,789012,,exact_name,none,ABHIJITH RAVEENDRAN,,,,"No source ID found by exact name, phone, or conservative name matching"
unavailable,CISS/TCS/2026-27/559,NEHA V BIJU,8304016276,Thrissur,000000,,exact_name,none,NEHA V BIJU,,,,"No source ID found by exact name, phone, or conservative name matching"
unavailable,CISS/TCS/2026-27/415,TESSY PJ,9074023784,Alappuzha,127388,,exact_name,none,TESSY PJ,,,,"No source ID found by exact name, phone, or conservative name matching"
unavailable,CISS/TCS/2026-27/149,SOUBHAGYA  SAM,8136920451,Thiruvananthapuram,123456,,exact_name,none,SOUBHAGYA  SAM,,,,"No source ID found by exact name, phone, or conservative name matching"
unavailable,CISS/TCS/2025-26/1169,SATHI K,7034040806,Kozhikode,530068,,fuzzy_name,name,Sakthi K,,,,"No source ID found by exact name, phone, or conservative name matching"
unavailable,CISS/TCS/2025-26/530,SHIJIL KM,9946558982,Thrissur,0000,,exact_name,none,SHIJIL KM,,,,"No source ID found by exact name, phone, or conservative name matching"
unavailable,CISS/TCS/2026-27/635,STANLEY JOSEPH,9947940699,Pathanamthitta,565315,,exact_name,none,STANLEY JOSEPH,,,,"No source ID found by exact name, phone, or conservative name matching"
unavailable,CISS/TCS/2025-26/1171,KALIDASAN  M,9495214714,Kottayam,506352,,exact_name,none,KALIDASAN  M,,,,"No source ID found by exact name, phone, or conservative name matching"
unavailable,CISS/TCS/2025-26/285,Aaron Christopher  Christopher ,9995234185,Kollam,724345,,exact_name,none,Aaron Christopher  Christopher ,,,,"No source ID found by exact name, phone, or conservative name matching"
unavailable,CISS/TCS/2025-26/686,ALWIN  MARTIN ,8714165212,Thrissur,0000,,exact_name,none,ALWIN  MARTIN ,,,,"No source ID found by exact name, phone, or conservative name matching"
unavailable,CISS/TCS/2025-26/1142,ANUMOL  S V,8281686336,Kottayam,DUMMY,,exact_name,none,ANUMOL  S V,,,,"No source ID found by exact name, phone, or conservative name matching"
unavailable,CISS/TCS/2025-26/272,ANOOP VM,9048006942,Thrissur,000000,,exact_name,none,ANOOP VM,,,,"No source ID found by exact name, phone, or conservative name matching"
unavailable,CISS/TCS/2025-26/484,ABHIJITH  SURESH ,7560839722,Kannur,512844,,exact_name,none,ABHIJITH  SURESH ,,,,"No source ID found by exact name, phone, or conservative name matching"
unavailable,CISS/TCS/2025-26/1180,MISHABUL UMAIR,7736170228,Malappuram,,,exact_name,none,MISHABUL UMAIR,,,,"No source ID found by exact name, phone, or conservative name matching"
unavailable,CISS/TCS/2026-27/202,ANOOP S K,8590384961,Thiruvananthapuram,000000,,exact_name,none,ANOOP S K,,,,"No source ID found by exact name, phone, or conservative name matching"
unavailable,CISS/TCS/2025-26/522,GOWRISHANKAR  RAJU,9633966283,Kollam,Tcs93463,,exact_name,none,GOWRISHANKAR  RAJU,,,,"No source ID found by exact name, phone, or conservative name matching"
unavailable,CISS/TCS/2025-26/562,DEVIKA C R,7994525928,Thrissur,530882,,exact_name,none,DEVIKA C R,,,,"No source ID found by exact name, phone, or conservative name matching"
unavailable,CISS/TCS/2025-26/755,ADITHYAN  S,7591982939,Kollam,508683,,exact_name,none,ADITHYAN  S,,,,"No source ID found by exact name, phone, or conservative name matching"
unavailable,CISS/TCS/2025-26/1068,INDULEKHA INDU,6238187770,Palakkad,000000,,exact_name,none,INDULEKHA INDU,,,,"No source ID found by exact name, phone, or conservative name matching"
unavailable,CISS/TCS/2025-26/276,STEPHY S,7907608669,Thiruvananthapuram,458963,,exact_name,none,STEPHY S,,,,"No source ID found by exact name, phone, or conservative name matching"
unavailable,CISS/TCS/2026-27/375,FATHVIMATHUL JANNATH I ,8590506683,Palakkad,00000,,exact_name,none,FATHVIMATHUL JANNATH I ,,,,"No source ID found by exact name, phone, or conservative name matching"
unavailable,CISS/TCS/2025-26/791,USHA  O,9061978513,Palakkad,000000,,exact_name,none,USHA  O,,,,"No source ID found by exact name, phone, or conservative name matching"
unavailable,CISS/TCS/2025-26/210,CHANDRAN  B,9746372875,Thiruvananthapuram,518766,,exact_name,none,CHANDRAN  B,,,,"No source ID found by exact name, phone, or conservative name matching"
unavailable,CISS/TCS/2025-26/1186,ANANDHAN KRISHNAN ,8921819716,Kollam,258079,,exact_name,none,ANANDHAN KRISHNAN ,,,,"No source ID found by exact name, phone, or conservative name matching"
unavailable,CISS/TCS/2026-27/594,SHEEJA E N,9847045370,Kannur,0000,,exact_name,none,SHEEJA E N,,,,"No source ID found by exact name, phone, or conservative name matching"
unavailable,CISS/TCS/2026-27/553,ANSIYA SALIM,9633348396,Thrissur,000000,,exact_name,none,ANSIYA SALIM,,,,"No source ID found by exact name, phone, or conservative name matching"
unavailable,CISS/TCS/2025-26/808,ANIKKUTTY ANU,9048015765,Kottayam,1,,exact_name,none,ANIKKUTTY ANU,,,,"No source ID found by exact name, phone, or conservative name matching"
unavailable,CISS/TCS/2025-26/113,ANGEL  TREESA,9846677588,Thrissur,50,,exact_name,none,ANGEL  TREESA,,,,"No source ID found by exact name, phone, or conservative name matching"
unavailable,CISS/TCS/2026-27/216,SANDHYA. P. V SANDHYA. P. V,9188035150,Kannur,,,exact_name,none,SANDHYA. P. V SANDHYA. P. V,,,,"No source ID found by exact name, phone, or conservative name matching"
unavailable,CISS/TCS/2025-26/1198,SREEDEVI M,8281662952,Thrissur,00,,exact_name,none,SREEDEVI M,,,,"No source ID found by exact name, phone, or conservative name matching"
unavailable,CISS/TCS/2025-26/1199,SIJU PAULOSE,6282257165,Ernakulam,468557,,exact_name,none,SIJU PAULOSE,,,,"No source ID found by exact name, phone, or conservative name matching"
unavailable,CISS/TCS/2025-26/1201,S THARUNRAJ SIDHARTH,9544096744,Kollam,096744,,exact_name,none,S THARUNRAJ SIDHARTH,,,,"No source ID found by exact name, phone, or conservative name matching"
unavailable,CISS/TCS/2026-27/182,MANAS MOHANAN,8590885808,Thrissur,000000,,exact_name,none,MANAS MOHANAN,,,,"No source ID found by exact name, phone, or conservative name matching"
unavailable,CISS/TCS/2025-26/839,MANJU B NAIR,9496801101,Kottayam,508531,,exact_name,none,MANJU B NAIR,,,,"No source ID found by exact name, phone, or conservative name matching"
unavailable,CISS/TCS/2025-26/731,USHA DEVI,6238114384,Kottayam, 459148,,exact_name,none,USHA DEVI,,,,"No source ID found by exact name, phone, or conservative name matching"
unavailable,CISS/TCS/2026-27/532,SARA JOSE,9544081720,Thrissur,00,,exact_name,none,SARA JOSE,,,,"No source ID found by exact name, phone, or conservative name matching"
unavailable,CISS/TCS/2025-26/046,SNEHA S,9895638418,Kollam,510526,,exact_name,name,SNEHA S,,,,"No source ID found by exact name, phone, or conservative name matching"
unavailable,CISS/TCS/2025-26/1205,ANZIL NIYAS V,7356064212,Wayanad,0000,,exact_name,none,ANZIL NIYAS V,,,,"No source ID found by exact name, phone, or conservative name matching"
unavailable,CISS/TCS/2026-27/921,JOHN JOSEPH,8848407716,Ernakulam,00000,,exact_name,none,JOHN JOSEPH,,,,"No source ID found by exact name, phone, or conservative name matching"
unavailable,CISS/TCS/2026-27/994,DAYANA.J DAYANA.J,9562698703,Thiruvananthapuram,00,,exact_name,none,DAYANA.J DAYANA.J,,,,"No source ID found by exact name, phone, or conservative name matching"
unavailable,CISS/TCS/2025-26/1047,ASWIN DEV,8590964092,Thrissur,503846,,exact_name,none,ASWIN DEV,,,,"No source ID found by exact name, phone, or conservative name matching"
unavailable,CISS/TCS/2025-26/506,MATHEW K JOHN,9747691195,Kottayam,Dammy ,,exact_name,none,MATHEW K JOHN,,,,"No source ID found by exact name, phone, or conservative name matching"
unavailable,CISS/TCS/2026-27/647,ALI  E A ,8078251785,Ernakulam, 584730,,exact_name,none,ALI  E A ,,,,"No source ID found by exact name, phone, or conservative name matching"
unavailable,CISS/TCS/2026-27/763,ARJUN KRISHNA P,9446714122,Palakkad,00,,exact_name,none,ARJUN KRISHNA P,,,,"No source ID found by exact name, phone, or conservative name matching"
unavailable,CISS/TCS/2025-26/1214,DIVYA K RAJU,9744380428,Kottayam,Dummy ,,exact_name,none,DIVYA K RAJU,,,,"No source ID found by exact name, phone, or conservative name matching"
unavailable,CISS/TCS/2025-26/150,Abhishek pm Abhishek pm,7510141526,Thrissur,000,,exact_name,none,Abhishek pm Abhishek pm,,,,"No source ID found by exact name, phone, or conservative name matching"
unavailable,CISS/TCS/2025-26/1173,SUNIL KUMAR M,8086292341,Kozhikode,000,,exact_name,none,SUNIL KUMAR M,,,,"No source ID found by exact name, phone, or conservative name matching"
unavailable,CISS/TCS/2026-27/391,DIYA EL FADHIL,9497797015,Thrissur,00000000,,exact_name,none,DIYA EL FADHIL,,,,"No source ID found by exact name, phone, or conservative name matching"
unavailable,CISS/TCS/2026-27/041,IHSALA IQBAL,9747476129,Thrissur,000000,,exact_name,none,IHSALA IQBAL,,,,"No source ID found by exact name, phone, or conservative name matching"
unavailable,CISS/TCS/2026-27/617,ROSHNI KAMATH,8089172130,Thrissur,.,,exact_name,none,ROSHNI KAMATH,,,,"No source ID found by exact name, phone, or conservative name matching"
unavailable,CISS/TCS/2026-27/871,JUBAIRIYA LATHEEF,9847612069,Ernakulam,123456,,exact_name,none,JUBAIRIYA LATHEEF,,,,"No source ID found by exact name, phone, or conservative name matching"
unavailable,CISS/TCS/2025-26/1200,JUSINA JUSINA,9544150932,Malappuram,311779,,exact_name,none,JUSINA JUSINA,,,,"No source ID found by exact name, phone, or conservative name matching"
unavailable,CISS/TCS/2025-26/718,AKARSH T,9656592721,Kannur,452606,,exact_name,none,AKARSH T,,,,"No source ID found by exact name, phone, or conservative name matching"
unavailable,CISS/TCS/2025-26/1206,ANSIL AKBAR,7034890604,Palakkad,000000,,exact_name,none,ANSIL AKBAR,,,,"No source ID found by exact name, phone, or conservative name matching"
unavailable,CISS/TCS/2025-26/074,ASHA. A ASHA. A,9946056265,Thiruvananthapuram,317649,,exact_name,none,ASHA. A ASHA. A,,,,"No source ID found by exact name, phone, or conservative name matching"
unavailable,CISS/TCS/2026-27/014,ELLAZIYA PA,9072104078,Palakkad,000000,,exact_name,none,ELLAZIYA PA,,,,"No source ID found by exact name, phone, or conservative name matching"
unavailable,CISS/TCS/2025-26/034,AMALSREE. S S,8943359421,Kozhikode,00,,exact_name,none,AMALSREE. S S,,,,"No source ID found by exact name, phone, or conservative name matching"
unavailable,CISS/TCS/2025-26/1230,ABDUSSALAM KOROTH,8089551790,Thrissur,000000,,exact_name,none,ABDUSSALAM KOROTH,,,,"No source ID found by exact name, phone, or conservative name matching"
unavailable,CISS/TCS/2026-27/780,ADWAID K. H,8330834166,Thrissur,000000,,exact_name,none,ADWAID K. H,,,,"No source ID found by exact name, phone, or conservative name matching"
unavailable,CISS/TCS/2026-27/931,AFNA NASRI,9539764644,Malappuram,9539764644,,exact_name,none,AFNA NASRI,,,,"No source ID found by exact name, phone, or conservative name matching"
unavailable,CISS/TCS/2025-26/004,STEPHIN S NETTO,7403575573,Thiruvananthapuram, 146055,,exact_name,none,STEPHIN S NETTO,,,,"No source ID found by exact name, phone, or conservative name matching"
unavailable,CISS/TCS/2025-26/133,ANSHAD  ZIYAD ,6238993671,Kottayam,462322,,exact_name,none,ANSHAD  ZIYAD ,,,,"No source ID found by exact name, phone, or conservative name matching"
unavailable,CISS/TCS/2025-26/706,ALBIN MONCY,7012903389,Wayanad,00000,,exact_name,none,ALBIN MONCY,,,,"No source ID found by exact name, phone, or conservative name matching"
unavailable,CISS/TCS/2025-26/859,VISHNU R  CHANDRAN,8714458779,Pathanamthitta,1219,,exact_name,none,VISHNU R  CHANDRAN,,,,"No source ID found by exact name, phone, or conservative name matching"
unavailable,CISS/TCS/2025-26/498,ANJITHA MK,9946804327,Palakkad,000000,,exact_name,none,ANJITHA MK,,,,"No source ID found by exact name, phone, or conservative name matching"
unavailable,CISS/TCS/2025-26/183,BIJAY  BIJU,8606185762,Ernakulam,484421,,exact_name,none,BIJAY  BIJU,,,,"No source ID found by exact name, phone, or conservative name matching"
unavailable,CISS/TCS/2025-26/843,VANDHANA.  T,8086436586,Palakkad,00000000,,exact_name,none,VANDHANA.  T,,,,"No source ID found by exact name, phone, or conservative name matching"
unavailable,CISS/TCS/2025-26/1241,MUHAMMAD SUHAIL S SUHAIL ,8075814487,Kollam,2192005,,exact_name,none,MUHAMMAD SUHAIL S SUHAIL ,,,,"No source ID found by exact name, phone, or conservative name matching"
unavailable,CISS/TCS/2025-26/507,ANJANA H,7907440614,Palakkad,00000,,exact_name,none,ANJANA H,,,,"No source ID found by exact name, phone, or conservative name matching"
unavailable,CISS/TCS/2025-26/477,KAVITHA  B,7902343770,Palakkad,00000,,exact_name,none,KAVITHA  B,,,,"No source ID found by exact name, phone, or conservative name matching"
unavailable,CISS/TCS/2025-26/1243,SUNITHA  A,9656495246,Kottayam,Dummy,,exact_name,none,SUNITHA  A,,,,"No source ID found by exact name, phone, or conservative name matching"
unavailable,CISS/TCS/2025-26/244,AGNEY  C,8139046847,Kozhikode,0,,exact_name,none,AGNEY  C,,,,"No source ID found by exact name, phone, or conservative name matching"
unavailable,CISS/TCS/2026-27/726,NANDANA SUNIL,8590718563,Thrissur,000000,,exact_name,none,NANDANA SUNIL,,,,"No source ID found by exact name, phone, or conservative name matching"
unavailable,CISS/TCS/2025-26/411,ABISHAI  DAVID,8590355714,Ernakulam,00,,exact_name,none,ABISHAI  DAVID,,,,"No source ID found by exact name, phone, or conservative name matching"
unavailable,CISS/TCS/2025-26/1246,LAMI IBRAHIM ,7034292144,Malappuram,340407552726,,exact_name,none,LAMI IBRAHIM ,,,,"No source ID found by exact name, phone, or conservative name matching"
unavailable,CISS/TCS/2025-26/002,JOBINA  M.JOHNY,8281744583,Kottayam,,,exact_name,none,JOBINA  M.JOHNY,,,,"No source ID found by exact name, phone, or conservative name matching"
unavailable,CISS/TCS/2026-27/235,NIHAL NIYAS,9995912769,Ernakulam,123456,,exact_name,none,NIHAL NIYAS,,,,"No source ID found by exact name, phone, or conservative name matching"
unavailable,CISS/TCS/2026-27/552,AJMAL N S,8921365782,Thiruvananthapuram,000000,,exact_name,none,AJMAL N S,,,,"No source ID found by exact name, phone, or conservative name matching"
unavailable,CISS/TCS/2026-27/128,ANSHAD M,7736529094,Thrissur,000000,,exact_name,none,ANSHAD M,,,,"No source ID found by exact name, phone, or conservative name matching"
unavailable,CISS/TCS/2026-27/361,SIJIN TS,9544668909,Thrissur,000000,,exact_name,none,SIJIN TS,,,,"No source ID found by exact name, phone, or conservative name matching"
unavailable,CISS/TCS/2026-27/110,SARANG SUNIL,8606092942,Thrissur,000000,,exact_name,none,SARANG SUNIL,,,,"No source ID found by exact name, phone, or conservative name matching"
unavailable,CISS/TCS/2026-27/831,AFIYA SELIN,8075507341,Wayanad,0000,,exact_name,none,AFIYA SELIN,,,,"No source ID found by exact name, phone, or conservative name matching"
unavailable,CISS/TCS/2025-26/050,K G Rhythun Rag Kallingal House ,7306074663,Thrissur,000000,,exact_name,none,K G Rhythun Rag Kallingal House ,,,,"No source ID found by exact name, phone, or conservative name matching"
unavailable,CISS/TCS/2026-27/912,GOKUL C,7012630248,Palakkad,000000,,fuzzy_name,name,GOKUL L,,,,"No source ID found by exact name, phone, or conservative name matching"
unavailable,CISS/CSIR/2026-27/627,ALWIN VARGHESE,9656124972,Thrissur,558851 ,,exact_name,none,ALWIN VARGHESE,,,,"No source ID found by exact name, phone, or conservative name matching"
unavailable,CISS/TCS/2025-26/497,SHAMEER  P M,9074328034,Ernakulam,477073,,exact_name,none,SHAMEER  P M,,,,"No source ID found by exact name, phone, or conservative name matching"
unavailable,CISS/TCS/2026-27/738,ALEN SABU. K,9562336102,Thrissur,000000,,exact_name,none,ALEN SABU. K,,,,"No source ID found by exact name, phone, or conservative name matching"
unavailable,CISS/TCS/2025-26/207,AROMAL AJAY,7356791165,Alappuzha,460294,,exact_name,none,AROMAL AJAY,,,,"No source ID found by exact name, phone, or conservative name matching"
unavailable,CISS/TCS/2025-26/1270,RAJAGURU  RAJKUMAR,6238416809,Kottayam,675432,,exact_name,none,RAJAGURU  RAJKUMAR,,,,"No source ID found by exact name, phone, or conservative name matching"
unavailable,CISS/TCS/2025-26/298,NIHLA ASHIK,8891104320,Thrissur,461467,,exact_name,none,NIHLA ASHIK,,,,"No source ID found by exact name, phone, or conservative name matching"
unavailable,CISS/TCS/2025-26/551,SANA FARSA MK,9946028891,Palakkad,000000,,exact_name,none,SANA FARSA MK,,,,"No source ID found by exact name, phone, or conservative name matching"
unavailable,CISS/TCS/2025-26/1277,INDRAJITH J B BABENDRA KUMAR,9778537252,Thiruvananthapuram,000000,,exact_name,none,INDRAJITH J B BABENDRA KUMAR,,,,"No source ID found by exact name, phone, or conservative name matching"
unavailable,CISS/TCS/2025-26/768,NABHAN ALTHAF,9447528544,Thrissur,00,,exact_name,none,NABHAN ALTHAF,,,,"No source ID found by exact name, phone, or conservative name matching"
unavailable,CISS/TCS/2025-26/148,GOPAN  KG,9497804418,Pathanamthitta,459924,,exact_name,none,GOPAN  KG,,,,"No source ID found by exact name, phone, or conservative name matching"
unavailable,CISS/TCS/2026-27/478,AMRUTHA K BABU,7592963357,Thrissur,568657 ,,exact_name,none,AMRUTHA K BABU,,,,"No source ID found by exact name, phone, or conservative name matching"
unavailable,CISS/TCS/2026-27/275,ASRAYA K C,6282555487,Kannur,572901,,exact_name,none,ASRAYA K C,,,,"No source ID found by exact name, phone, or conservative name matching"
unavailable,CISS/TCS/2025-26/634,MINI  VIJAYAN,8891986302,Kollam,1973,,exact_name,none,MINI  VIJAYAN,,,,"No source ID found by exact name, phone, or conservative name matching"
unavailable,CISS/TCS/2025-26/1282,RAJU. S SANKARAN,7012272048,Thiruvananthapuram,145816,,exact_name,none,RAJU. S SANKARAN,,,,"No source ID found by exact name, phone, or conservative name matching"
unavailable,CISS/TCS/2026-27/606,AKSHAY P A,9778315813,Thrissur,000000,,exact_name,none,AKSHAY P A,,,,"No source ID found by exact name, phone, or conservative name matching"
unavailable,CISS/TCS/2026-27/715,FADHIL KHAN A,8590754622,Thiruvananthapuram,584719,,exact_name,none,FADHIL KHAN A,,,,"No source ID found by exact name, phone, or conservative name matching"
unavailable,CISS/TCS/2025-26/1038,GAUTHAM G,8129902443,Alappuzha,123577,,exact_name,none,GAUTHAM G,,,,"No source ID found by exact name, phone, or conservative name matching"
unavailable,CISS/TCS/2025-26/674,VIDYA I. V,9995677920,Thiruvananthapuram,000000,,exact_name,none,VIDYA I. V,,,,"No source ID found by exact name, phone, or conservative name matching"
unavailable,CISS/TCS/2025-26/018,Sajitha.PK Anilkumar,9656961077,Thiruvananthapuram,255921,,exact_name,none,Sajitha.PK Anilkumar,,,,"No source ID found by exact name, phone, or conservative name matching"
unavailable,CISS/TCS/2025-26/1235,JASNA K.V,8921743499,Malappuram,0000000,,exact_name,none,JASNA K.V,,,,"No source ID found by exact name, phone, or conservative name matching"
unavailable,CISS/TCS/2026-27/355,ADHIL MUHAMMED,8129549735,Kottayam,558857 ,,exact_name,none,ADHIL MUHAMMED,,,,"No source ID found by exact name, phone, or conservative name matching"
unavailable,CISS/TCS/2026-27/835,VIMAL M M,7356806554,Thrissur,559541 ,,exact_name,none,VIMAL M M,,,,"No source ID found by exact name, phone, or conservative name matching"
unavailable,CISS/TCS/2025-26/1224,AL AMEEN H,9544438529,Kollam,05432,,exact_name,none,AL AMEEN H,,,,"No source ID found by exact name, phone, or conservative name matching"
unavailable,CISS/TCS/2025-26/212,SHABEERA  JASMIN MK,8281655238,Lakshadweep,405238,,fuzzy_name,name,SHABEERA JASMINE M K,,,,"No source ID found by exact name, phone, or conservative name matching"
unavailable,CISS/TCS/2025-26/465,LEVIN CHITTILAPPILLY VARGHESE ,9188391584,Thrissur,430342,,exact_name,none,LEVIN CHITTILAPPILLY VARGHESE ,,,,"No source ID found by exact name, phone, or conservative name matching"
unavailable,CISS/TCS/2025-26/1261,GAUTHAM G,6275356901,Alappuzha,123577,,exact_name,none,GAUTHAM G,,,,"No source ID found by exact name, phone, or conservative name matching"
unavailable,CISS/TCS/2025-26/470,JISHA V,8592006970,Malappuram,530893,,exact_name,none,JISHA V,,,,"No source ID found by exact name, phone, or conservative name matching"
unavailable,CISS/TCS/2025-26/762,BINDU  B L,8157063905,Thiruvananthapuram,509342,,exact_name,none,BINDU  B L,,,,"No source ID found by exact name, phone, or conservative name matching"
unavailable,CISS/TCS/2026-27/741,MUHLISHA E P,9048861906,Kozhikode,000000,,exact_name,none,MUHLISHA E P,,,,"No source ID found by exact name, phone, or conservative name matching"
unavailable,CISS/TCS/2026-27/579,MOHAMMED SALMIN R S,9188818290,Thrissur,00,,exact_name,none,MOHAMMED SALMIN R S,,,,"No source ID found by exact name, phone, or conservative name matching"
unavailable,CISS/TCS/2026-27/449,ANISHA MARIA,7902675862,Wayanad,000000,,exact_name,none,ANISHA MARIA,,,,"No source ID found by exact name, phone, or conservative name matching"
unavailable,CISS/TCS/2026-27/946,RAHUL R,9072863698,Thiruvananthapuram,00000,,exact_name,none,RAHUL R,,,,"No source ID found by exact name, phone, or conservative name matching"
unavailable,CISS/TCS/2026-27/540,SNEHITH K P,7736390608,Kannur,568527 ,,exact_name,none,SNEHITH K P,,,,"No source ID found by exact name, phone, or conservative name matching"
unavailable,CISS/TCS/2025-26/172,VISAKH.  S. RAJ,9778126035,Thiruvananthapuram,123456,,exact_name,none,VISAKH.  S. RAJ,,,,"No source ID found by exact name, phone, or conservative name matching"
unavailable,CISS/TCS/2025-26/1130,NIKHIL RAJ  T,8086018714,Kozhikode,509358,,exact_name,none,NIKHIL RAJ  T,,,,"No source ID found by exact name, phone, or conservative name matching"
unavailable,CISS/TCS/2026-27/902,INDUKESH B,8129655487,Thiruvananthapuram,000000,,exact_name,none,INDUKESH B,,,,"No source ID found by exact name, phone, or conservative name matching"
unavailable,CISS/TCS/2026-27/142,SATHEESH JOSEPH,9567170785,Thiruvananthapuram,00,,exact_name,none,SATHEESH JOSEPH,,,,"No source ID found by exact name, phone, or conservative name matching"
unavailable,CISS/TCS/2026-27/667,AMAL SIDHARTHAN,8281999817,Thrissur,559545 ,,exact_name,none,AMAL SIDHARTHAN,,,,"No source ID found by exact name, phone, or conservative name matching"
unavailable,CISS/TCS/2026-27/174,MUHAMMAD SAKHIB AP,7736201147,Kannur,544973,,exact_name,none,MUHAMMAD SAKHIB AP,,,,"No source ID found by exact name, phone, or conservative name matching"
unavailable,CISS/TCS/2025-26/316,THIMITHYOS KG,9961063894,Pathanamthitta,461066,,exact_name,none,THIMITHYOS KG,,,,"No source ID found by exact name, phone, or conservative name matching"
unavailable,CISS/TCS/2025-26/1240,NYJIL  MEHARAJ,6282556790,Thrissur,302492,,exact_name,none,NYJIL  MEHARAJ,,,,"No source ID found by exact name, phone, or conservative name matching"
unavailable,CISS/TCS/2025-26/486,DHEERAJ K R,9778257615,Thrissur,000000,,exact_name,none,DHEERAJ K R,,,,"No source ID found by exact name, phone, or conservative name matching"
unavailable,CISS/TCS/2025-26/1308,RAFIYA A,8921815848,Palakkad,00000,,exact_name,none,RAFIYA A,,,,"No source ID found by exact name, phone, or conservative name matching"
unavailable,CISS/TCS/2025-26/1310,LAVEENA LIZ  MARIA,9778163542,Kottayam,123456,,exact_name,none,LAVEENA LIZ  MARIA,,,,"No source ID found by exact name, phone, or conservative name matching"
unavailable,CISS/TCS/2026-27/732,ASHA RAMESH,9383446153,Kottayam,549287,,exact_name,none,ASHA RAMESH,,,,"No source ID found by exact name, phone, or conservative name matching"
unavailable,CISS/TCS/2025-26/954,ABHINAV KRISHNA,7356873645,Thrissur,462312,,exact_name,none,ABHINAV KRISHNA,,,,"No source ID found by exact name, phone, or conservative name matching"
unavailable,CISS/TCS/2026-27/264,DEVIKA SAJU,9188286603,Thrissur,883181398166,,exact_name,none,DEVIKA SAJU,,,,"No source ID found by exact name, phone, or conservative name matching"
unavailable,CISS/TCS/2025-26/995,SREELEKHA SREELEKHA,7736147705,Malappuram,437621,,exact_name,none,SREELEKHA SREELEKHA,,,,"No source ID found by exact name, phone, or conservative name matching"
unavailable,CISS/TCS/2025-26/896,DEVAGANGA SANTHOSH,9947040527,Thrissur,459810,,exact_name,none,DEVAGANGA SANTHOSH,,,,"No source ID found by exact name, phone, or conservative name matching"
unavailable,CISS/TCS/2025-26/558,PARVATHY  D,8330808293,Kollam,494756,,exact_name,none,PARVATHY  D,,,,"No source ID found by exact name, phone, or conservative name matching"
unavailable,CISS/TCS/2025-26/1313,MOHAMMED NIHAL A,8921998873,Palakkad,0000,,exact_name,none,MOHAMMED NIHAL A,,,,"No source ID found by exact name, phone, or conservative name matching"
unavailable,CISS/TCS/2026-27/279,MOHAMMED SINAN,8075424571,Thrissur,000000,,exact_name,none,MOHAMMED SINAN,,,,"No source ID found by exact name, phone, or conservative name matching"
unavailable,CISS/TCS/2026-27/184,AMBILY AUGUSTINE,9446096048,Wayanad,000000,,exact_name,none,AMBILY AUGUSTINE,,,,"No source ID found by exact name, phone, or conservative name matching"
unavailable,CISS/TCS/2025-26/140,Aseem  Ali,9656491141,Thrissur,000000,,exact_name,none,Aseem  Ali,,,,"No source ID found by exact name, phone, or conservative name matching"
unavailable,CISS/TCS/2026-27/067,HANA JAMAL,9633601771,Thrissur,573309 ,,exact_name,none,HANA JAMAL,,,,"No source ID found by exact name, phone, or conservative name matching"
unavailable,CISS/TCS/2025-26/1237,SHYNI.N SHYNI,9446488082,Kollam,NO,,exact_name,none,SHYNI.N SHYNI,,,,"No source ID found by exact name, phone, or conservative name matching"
unavailable,CISS/TCS/2026-27/903,RESHMA CV,9539446097,Thrissur,000000,,exact_name,none,RESHMA CV,,,,"No source ID found by exact name, phone, or conservative name matching"
unavailable,CISS/TCS/2025-26/1316,ARUN  OMANAKUTTAN ,9600500254,Kollam,242552,,exact_name,none,ARUN  OMANAKUTTAN ,,,,"No source ID found by exact name, phone, or conservative name matching"
unavailable,CISS/TCS/2026-27/916,ADITHYARAG K S,7559905195,Thrissur,000000,,exact_name,none,ADITHYARAG K S,,,,"No source ID found by exact name, phone, or conservative name matching"
unavailable,CISS/TCS/2025-26/799,GITHIN GITHIN P,8281368982,Kollam,336572,,exact_name,none,GITHIN GITHIN P,,,,"No source ID found by exact name, phone, or conservative name matching"
unavailable,CISS/TCS/2025-26/1262,Parthiv K P  K P ,9188317854,Thrissur,000000,,exact_name,none,Parthiv K P  K P ,,,,"No source ID found by exact name, phone, or conservative name matching"
unavailable,CISS/TCS/2025-26/802,MUHAMMED THOUFEEK Z,7736798763,Kollam,0000,,exact_name,none,MUHAMMED THOUFEEK Z,,,,"No source ID found by exact name, phone, or conservative name matching"
unavailable,CISS/TCS/2025-26/1274,NAZEEMA  MS,8606481765,Palakkad,00000,,exact_name,none,NAZEEMA  MS,,,,"No source ID found by exact name, phone, or conservative name matching"
unavailable,CISS/TCS/2025-26/1004,AMALDEV S,9995890612,Thiruvananthapuram,0000,,exact_name,none,AMALDEV S,,,,"No source ID found by exact name, phone, or conservative name matching"
unavailable,CISS/TCS/2026-27/445,KRISHNAPRIYA P S,9656311509,Thrissur,R0,,exact_name,none,KRISHNAPRIYA P S,,,,"No source ID found by exact name, phone, or conservative name matching"
unavailable,CISS/TCS/2026-27/072,RAJI R M,8606419183,Thiruvananthapuram,123,,exact_name,none,RAJI R M,,,,"No source ID found by exact name, phone, or conservative name matching"
unavailable,CISS/TCS/2025-26/1320,ANIL KUMAR C P,9526767876,Kozhikode,466079,,exact_name,none,ANIL KUMAR C P,,,,"No source ID found by exact name, phone, or conservative name matching"
unavailable,CISS/TCS/2026-27/733,SHIVANI PRAKASH,6238742094,Thrissur,.,,exact_name,none,SHIVANI PRAKASH,,,,"No source ID found by exact name, phone, or conservative name matching"
unavailable,CISS/FBL/2025-26/729,AMBIKA KP,9061302512,Malappuram,,,exact_name,none,AMBIKA KP,,,,"No source ID found by exact name, phone, or conservative name matching"
unavailable,CISS/TCS/2025-26/1192,VINAYAK  P. K,7356339890,Thrissur,00000,,exact_name,none,VINAYAK  P. K,,,,"No source ID found by exact name, phone, or conservative name matching"
unavailable,CISS/TCS/2026-27/889,JESNA JIBU,8075425624,Thrissur,000000,,exact_name,none,JESNA JIBU,,,,"No source ID found by exact name, phone, or conservative name matching"
unavailable,CISS/TCS/2025-26/1252,AJITHA  TH,8593869170,Kottayam,Dummy ,,exact_name,none,AJITHA  TH,,,,"No source ID found by exact name, phone, or conservative name matching"
unavailable,CISS/TCS/2026-27/453,SREELESH L,7356597488,Palakkad,00000,,exact_name,none,SREELESH L,,,,"No source ID found by exact name, phone, or conservative name matching"
unavailable,CISS/TCS/2026-27/695,GOWRIKRISHNA KS,9526627754,Thrissur,215296169228,,exact_name,none,GOWRIKRISHNA KS,,,,"No source ID found by exact name, phone, or conservative name matching"
unavailable,CISS/TCS/2025-26/1232,FATHIMA REEMA REEMA R,9539654494,Palakkad,000000,,exact_name,none,FATHIMA REEMA REEMA R,,,,"No source ID found by exact name, phone, or conservative name matching"
unavailable,CISS/TCS/2026-27/914,AKHILA K,9074351759,Thrissur,565347,,exact_name,none,AKHILA K,,,,"No source ID found by exact name, phone, or conservative name matching"
unavailable,CISS/TCS/2026-27/744,SACHIN MATHEW,8848610204,Thrissur,000000,,exact_name,none,SACHIN MATHEW,,,,"No source ID found by exact name, phone, or conservative name matching"
unavailable,CISS/TCS/2025-26/1039,ANJU SUNIL ,9526802406,Ernakulam,12234,,exact_name,none,ANJU SUNIL ,,,,"No source ID found by exact name, phone, or conservative name matching"
unavailable,CISS/TCS/2026-27/133,SHARBEENA P,9847831107,Kozhikode,570480,,exact_name,none,SHARBEENA P,,,,"No source ID found by exact name, phone, or conservative name matching"
unavailable,CISS/TCS/2026-27/195,SUNITHA A,7012465602,Kozhikode,571762,,exact_name,none,SUNITHA A,,,,"No source ID found by exact name, phone, or conservative name matching"
unavailable,CISS/TCS/2026-27/911,SEBIN AS,6282455391,Thrissur,000000,,exact_name,none,SEBIN AS,,,,"No source ID found by exact name, phone, or conservative name matching"
unavailable,CISS/TCS/2026-27/907,HHARISHMA K S,8129862678,Thrissur,000000,,exact_name,none,HHARISHMA K S,,,,"No source ID found by exact name, phone, or conservative name matching"
unavailable,CISS/TCS/2025-26/1327,AKASH MANI,6235769428,Ernakulam,425163,,exact_name,name,AKASH MANI,317834 | 425163,,,Multiple source IDs; no unique assignment
unavailable,CISS/TCS/2025-26/1328,SHEEBA  K,9747207159,Kozhikode,00,,exact_name,none,SHEEBA  K,,,,"No source ID found by exact name, phone, or conservative name matching"
unavailable,CISS/TCS/2026-27/044,ANARKALI N V,7561847702,Thrissur,000000,,exact_name,none,ANARKALI N V,,,,"No source ID found by exact name, phone, or conservative name matching"
unavailable,CISS/TCS/2025-26/907,NANDU VIJAYAN,9072943445,Kasaragod,503816,,exact_name,none,NANDU VIJAYAN,,,,"No source ID found by exact name, phone, or conservative name matching"
unavailable,CISS/TCS/2026-27/686,MINOSH KURIAN,9995187675,Wayanad,00000,,exact_name,none,MINOSH KURIAN,,,,"No source ID found by exact name, phone, or conservative name matching"
unavailable,CISS/TCS/2026-27/721,ROJITH R,9074760761,Palakkad,563219 ,,exact_name,none,ROJITH R,,,,"No source ID found by exact name, phone, or conservative name matching"
unavailable,CISS/TCS/2026-27/662,ALAN ROSE ANTONY,9188599136,Thrissur,000000,,exact_name,none,ALAN ROSE ANTONY,,,,"No source ID found by exact name, phone, or conservative name matching"
unavailable,CISS/TCS/2025-26/575,SREESANTH S,8714952364,Thiruvananthapuram,00,,exact_name,none,SREESANTH S,,,,"No source ID found by exact name, phone, or conservative name matching"
unavailable,CISS/TCS/2026-27/282,VARSHA TS,9447493912,Alappuzha,553538,,exact_name,none,VARSHA TS,,,,"No source ID found by exact name, phone, or conservative name matching"
unavailable,CISS/TCS/2025-26/432,ASWIN DAS VS,7736273689,Alappuzha,748488,,exact_name,none,ASWIN DAS VS,,,,"No source ID found by exact name, phone, or conservative name matching"
unavailable,CISS/TCS/2026-27/033,JIHAD PP,9747299269,Malappuram,JCW1990985,,exact_name,none,JIHAD PP,,,,"No source ID found by exact name, phone, or conservative name matching"
unavailable,CISS/TCS/2026-27/310,ASWIN KRISHNA K,9846868814,Palakkad,568530 ,,exact_name,none,ASWIN KRISHNA K,,,,"No source ID found by exact name, phone, or conservative name matching"
unavailable,CISS/TCS/2026-27/013,SUMEENA SULPHIKKAR,9778264959,Idukki,N/a,,exact_name,none,SUMEENA SULPHIKKAR,,,,"No source ID found by exact name, phone, or conservative name matching"
unavailable,CISS/TCS/2026-27/538,SARTHAK THAMPI H,9544816818,Thiruvananthapuram,000000,,exact_name,none,SARTHAK THAMPI H,,,,"No source ID found by exact name, phone, or conservative name matching"
unavailable,CISS/TCS/2026-27/673,ABHINAV PS,7902643695,Thrissur,000000,,exact_name,none,ABHINAV PS,,,,"No source ID found by exact name, phone, or conservative name matching"
unavailable,CISS/TCS/2025-26/1338,JAGAN EM,7306807826,Thrissur,00000,,exact_name,none,JAGAN EM,,,,"No source ID found by exact name, phone, or conservative name matching"
unavailable,CISS/TCS/2025-26/1161,SUMMAYA M,8943968817,Malappuram,297988,,exact_name,none,SUMMAYA M,,,,"No source ID found by exact name, phone, or conservative name matching"
unavailable,CISS/TCS/2025-26/668,MUHAMMED KUNHI KUPPURAYIL,9526796098,Kannur,000,,exact_name,none,MUHAMMED KUNHI KUPPURAYIL,,,,"No source ID found by exact name, phone, or conservative name matching"
unavailable,CISS/TCS/2026-27/254,ALMAS FATHIMA C S,8156800259,Ernakulam,123456,,exact_name,none,ALMAS FATHIMA C S,,,,"No source ID found by exact name, phone, or conservative name matching"
unavailable,CISS/TCS/2026-27/693,NOEL PAUL,7356298704,Thrissur,000000,,exact_name,none,NOEL PAUL,,,,"No source ID found by exact name, phone, or conservative name matching"
unavailable,CISS/TCS/2026-27/236,RAMEESHA KV RAMEESHA KV,9846744934,Malappuram,9846744934,,exact_name,none,RAMEESHA KV RAMEESHA KV,,,,"No source ID found by exact name, phone, or conservative name matching"
unavailable,CISS/TCS/2025-26/1265,THAMJIDA  NASER,9746986137,Lakshadweep,000000,,exact_name,none,THAMJIDA  NASER,,,,"No source ID found by exact name, phone, or conservative name matching"
unavailable,CISS/TCS/2025-26/1255,ATHIRA AK,8589094650,Palakkad,000000,,exact_name,none,ATHIRA AK,,,,"No source ID found by exact name, phone, or conservative name matching"
unavailable,CISS/TCS/2026-27/808,GEETHIKA K.G,9074621987,Palakkad,000000,,exact_name,none,GEETHIKA K.G,,,,"No source ID found by exact name, phone, or conservative name matching"
unavailable,CISS/TCS/2026-27/658,SAJEESH A B,9995858839,Thrissur,000000,,exact_name,none,SAJEESH A B,,,,"No source ID found by exact name, phone, or conservative name matching"
unavailable,CISS/TCS/2025-26/672,USHAKUMARY KUMARAPILLAI,8330860082,Ernakulam,231074,,exact_name,none,USHAKUMARY KUMARAPILLAI,,,,"No source ID found by exact name, phone, or conservative name matching"
unavailable,CISS/TCS/2025-26/1345,JISHNU SURENDRAN,8113873127,Kottayam,509384,,exact_name,none,JISHNU SURENDRAN,,,,"No source ID found by exact name, phone, or conservative name matching"
unavailable,CISS/TCS/2025-26/215,JAYAN  VARGHESE ,9447333358,Palakkad, 464814,,exact_name,none,JAYAN  VARGHESE ,,,,"No source ID found by exact name, phone, or conservative name matching"
unavailable,CISS/TCS/2025-26/886,DERSANA MATHEW ,9072006546,Kottayam,485339,,exact_name,none,DERSANA MATHEW ,,,,"No source ID found by exact name, phone, or conservative name matching"
unavailable,CISS/TCS/2025-26/1165,ANEESHA  G,7510677546,Thiruvananthapuram,00,,exact_name,none,ANEESHA  G,,,,"No source ID found by exact name, phone, or conservative name matching"
unavailable,CISS/TCS/2025-26/860,MUHAMMED SHAHIN  VELLATHOTTAM ,6235413708,Kottayam,458447,,exact_name,none,MUHAMMED SHAHIN  VELLATHOTTAM ,,,,"No source ID found by exact name, phone, or conservative name matching"
unavailable,CISS/TCS/2025-26/883,AKASH  BM,9778222094,Kollam,TCS16305,,exact_name,none,AKASH  BM,,,,"No source ID found by exact name, phone, or conservative name matching"
unavailable,CISS/TCS/2025-26/1127,SAKEENA B,8589952231,Thiruvananthapuram,512255,,exact_name,none,SAKEENA B,,,,"No source ID found by exact name, phone, or conservative name matching"
unavailable,CISS/TCS/2025-26/1025,MUHAMMAD ASLAM K A,9645511460,Thrissur,000000,,exact_name,none,MUHAMMAD ASLAM K A,,,,"No source ID found by exact name, phone, or conservative name matching"
unavailable,CISS/TCS/2026-27/369,HANNATH HANNATH,9895186619,Malappuram,9895186619,,exact_name,none,HANNATH HANNATH,,,,"No source ID found by exact name, phone, or conservative name matching"
unavailable,CISS/TCS/2025-26/1290,SHAHINSHA  SHAHI,7902806825,Malappuram,0000,,exact_name,none,SHAHINSHA  SHAHI,,,,"No source ID found by exact name, phone, or conservative name matching"
unavailable,CISS/TCS/2025-26/1155,RESHMI  V K,9544891153,Alappuzha,123456,,exact_name,none,RESHMI  V K,,,,"No source ID found by exact name, phone, or conservative name matching"
unavailable,CISS/TCS/2025-26/139,SABIN KRISHNAN,9072929948,Ernakulam,84944964,,exact_name,none,SABIN KRISHNAN,,,,"No source ID found by exact name, phone, or conservative name matching"
unavailable,CISS/TCS/2026-27/858,ABHISHEK S KUMAR,9746093419,Kozhikode,000000,,fuzzy_name,name,ABHISHEK KUMAR,,,,"No source ID found by exact name, phone, or conservative name matching"
unavailable,CISS/TCS/2025-26/1346,THAKHIYUDHEEN  VAHID TP,8330078879,Lakshadweep,402852,,exact_name,name,THAKHIYUDHEEN  VAHID TP,,,,"No source ID found by exact name, phone, or conservative name matching"
unavailable,CISS/TCS/2025-26/1347,SANGEETH  S,9207150374,Kozhikode,00,,exact_name,none,SANGEETH  S,,,,"No source ID found by exact name, phone, or conservative name matching"
unavailable,CISS/TCS/2025-26/1054,RITHIK  RITHIK ,9605865191,Idukki,874736153607,,exact_name,none,RITHIK  RITHIK ,,,,"No source ID found by exact name, phone, or conservative name matching"
unavailable,CISS/TCS/2026-27/027,GOWRIKRISHNA KS,9745727754,Thrissur,0000,,exact_name,none,GOWRIKRISHNA KS,,,,"No source ID found by exact name, phone, or conservative name matching"
unavailable,CISS/TCS/2026-27/171,ATHIRA G ATHI,7736229847,Thiruvananthapuram,553809,,exact_name,none,ATHIRA G ATHI,,,,"No source ID found by exact name, phone, or conservative name matching"
unavailable,CISS/TCS/2025-26/654,SAVITHA A. G A. G,9645354711,Kottayam,Dim,,exact_name,none,SAVITHA A. G A. G,,,,"No source ID found by exact name, phone, or conservative name matching"
unavailable,CISS/TCS/2025-26/306,SURAMYA S,8078325114,Thiruvananthapuram,,,exact_name,none,SURAMYA S,,,,"No source ID found by exact name, phone, or conservative name matching"
unavailable,CISS/TCS/2025-26/134,FATHIMA  NOURIN ,8129907312,Ernakulam,324385,,exact_name,none,FATHIMA  NOURIN ,,,,"No source ID found by exact name, phone, or conservative name matching"
unavailable,CISS/TCS/2026-27/991,JAYANTHI U,8129502627,Thiruvananthapuram,563224 ,,fuzzy_name,name,Jayanthi,,,,"No source ID found by exact name, phone, or conservative name matching"
unavailable,CISS/TCS/2025-26/1350,GOKULNATH  G,9383427505,Thiruvananthapuram,000000,,exact_name,none,GOKULNATH  G,,,,"No source ID found by exact name, phone, or conservative name matching"
unavailable,CISS/TCS/2026-27/614,SANTHOSH K C,9633653181,Thrissur,0000,,exact_name,none,SANTHOSH K C,,,,"No source ID found by exact name, phone, or conservative name matching"
unavailable,CISS/TCS/2026-27/881,JASMIN R,9847356863,Ernakulam,No,,exact_name,none,JASMIN R,,,,"No source ID found by exact name, phone, or conservative name matching"
unavailable,CISS/TCS/2025-26/1280,AKSHAY KUMAR P R,6282721335,Palakkad,000000,,fuzzy_name,name,Akshay Kumar,,,,"No source ID found by exact name, phone, or conservative name matching"
unavailable,CISS/TCS/2026-27/074,SUJITH K S,6282401508,Palakkad,00000,,exact_name,none,SUJITH K S,,,,"No source ID found by exact name, phone, or conservative name matching"
unavailable,CISS/TCS/2025-26/274,RAHUL HARI,9562773497,Kollam,499895,,exact_name,none,RAHUL HARI,,,,"No source ID found by exact name, phone, or conservative name matching"
unavailable,CISS/TCS/2026-27/832,UDAY RAG,9961142308,Kannur,00,,exact_name,none,UDAY RAG,,,,"No source ID found by exact name, phone, or conservative name matching"
unavailable,CISS/TCS/2025-26/1233,VINOSHADEVI M,9847191052,Idukki,531183,,exact_name,none,VINOSHADEVI M,,,,"No source ID found by exact name, phone, or conservative name matching"
unavailable,CISS/TCS/2025-26/875,Amina S  Ami,8281350051,Thiruvananthapuram,498596318501,,exact_name,none,Amina S  Ami,,,,"No source ID found by exact name, phone, or conservative name matching"
unavailable,CISS/TCS/2025-26/1362,VYSAGH  REVI,9074261780,Thrissur,00000,,exact_name,none,VYSAGH  REVI,,,,"No source ID found by exact name, phone, or conservative name matching"
unavailable,CISS/TCS/2025-26/829,MONISHA  P S,9947843901,Idukki,468500,,exact_name,none,MONISHA  P S,,,,"No source ID found by exact name, phone, or conservative name matching"
unavailable,CISS/TCS/2026-27/664,REVATHY RAJESH,7510246429,Kottayam,123447,,exact_name,none,REVATHY RAJESH,,,,"No source ID found by exact name, phone, or conservative name matching"
unavailable,CISS/TCS/2026-27/313,ALKESHKUMAR U.S,7025172385,Thrissur,000000,,exact_name,none,ALKESHKUMAR U.S,,,,"No source ID found by exact name, phone, or conservative name matching"
unavailable,CISS/TCS/2025-26/1195,SREEJU T,8086237576,Thiruvananthapuram,518768,,exact_name,none,SREEJU T,,,,"No source ID found by exact name, phone, or conservative name matching"
unavailable,CISS/TCS/2025-26/1366,RAJEEV  KUMAR PK,9605298544,Kottayam, 531177,,exact_name,none,RAJEEV  KUMAR PK,,,,"No source ID found by exact name, phone, or conservative name matching"
unavailable,CISS/TCS/2026-27/317,SOUMYA KP,8111911438,Wayanad, 553504,,exact_name,none,SOUMYA KP,,,,"No source ID found by exact name, phone, or conservative name matching"
unavailable,CISS/TCS/2025-26/926,ARCHANA  K AJI,9074016704,Kottayam,467598,,exact_name,none,ARCHANA  K AJI,,,,"No source ID found by exact name, phone, or conservative name matching"
unavailable,CISS/TCS/2026-27/791,AADITH ANILKUMAR,9544162655,Thrissur,00000,,exact_name,none,AADITH ANILKUMAR,,,,"No source ID found by exact name, phone, or conservative name matching"
unavailable,CISS/TCS/2025-26/658,RAMAKRISHNAN  MK,9567855742,Kozhikode,499897,,exact_name,none,RAMAKRISHNAN  MK,,,,"No source ID found by exact name, phone, or conservative name matching"
unavailable,CISS/TCS/2025-26/1369,SARASU P V,9846235476,Ernakulam,417903,,exact_name,none,SARASU P V,,,,"No source ID found by exact name, phone, or conservative name matching"
unavailable,CISS/TCS/2025-26/1095,DEVADASAN  C,9809681896,Malappuram,505545,,fuzzy_name,name,DEVADASAN,168 | 505545,,,Multiple source IDs; no unique assignment
unavailable,CISS/TCS/2026-27/961,KAVIYA G,9345014155,Idukki,000000,,exact_name,none,KAVIYA G,,,,"No source ID found by exact name, phone, or conservative name matching"
unavailable,CISS/CSIR/2026-27/794,TESIN THOMAS,9207096105,Wayanad,571758,,exact_name,none,TESIN THOMAS,,,,"No source ID found by exact name, phone, or conservative name matching"
unavailable,CISS/TCS/2025-26/099,SREEVISAKH U,8075996935,Thiruvananthapuram,00000,,exact_name,none,SREEVISAKH U,,,,"No source ID found by exact name, phone, or conservative name matching"
unavailable,CISS/TCS/2026-27/644,ATHIRA T A,8137871589,Kottayam,654321,,exact_name,none,ATHIRA T A,,,,"No source ID found by exact name, phone, or conservative name matching"
unavailable,CISS/TCS/2025-26/1228,RESHMA RAJAN,8891453194,Alappuzha, 479571,,exact_name,none,RESHMA RAJAN,,,,"No source ID found by exact name, phone, or conservative name matching"
unavailable,CISS/TCS/2025-26/632,Niranjan  Anoop,8590511078,Kollam,TCS85905,,exact_name,none,Niranjan  Anoop,,,,"No source ID found by exact name, phone, or conservative name matching"
unavailable,CISS/TCS/2025-26/1103,ABDUL  BASITH P K,7558010159,Malappuram,510009,,exact_name,none,ABDUL  BASITH P K,,,,"No source ID found by exact name, phone, or conservative name matching"
unavailable,CISS/TCS/2026-27/598,ABHINAVKRISHNA C.A,8590337701,Thrissur,000000,,exact_name,none,ABHINAVKRISHNA C.A,,,,"No source ID found by exact name, phone, or conservative name matching"
unavailable,CISS/TCS/2026-27/443,SHYJI O M,9539514684,Thrissur,0000,,exact_name,none,SHYJI O M,,,,"No source ID found by exact name, phone, or conservative name matching"
unavailable,CISS/TCS/2026-27/864,SWATHI N,9946671491,Palakkad,000000,,fuzzy_name,name,SWATHI,,,,"No source ID found by exact name, phone, or conservative name matching"
unavailable,CISS/TCS/2025-26/700,SAJITHA SUMESH  SAJITHA SUMESH ,9048197136,Thiruvananthapuram,539660,,exact_name,none,SAJITHA SUMESH  SAJITHA SUMESH ,,,,"No source ID found by exact name, phone, or conservative name matching"
unavailable,CISS/TCS/2026-27/850,DIVYA SHAIJU,7902374277,Thiruvananthapuram,,,exact_name,none,DIVYA SHAIJU,,,,"No source ID found by exact name, phone, or conservative name matching"
unavailable,CISS/TCS/2026-27/281,NOORJA NOORJA,9778435471,Malappuram,280121,,exact_name,none,NOORJA NOORJA,,,,"No source ID found by exact name, phone, or conservative name matching"
unavailable,CISS/TCS/2025-26/499,ARIFA BEEGUM C,9496077406,Lakshadweep,286192,,exact_name,name,ARIFA BEEGUM C,,,,"No source ID found by exact name, phone, or conservative name matching"
unavailable,CISS/TCS/2025-26/454,SHEZA HASHMI MS,9539848410,Malappuram,0000000,,exact_name,none,SHEZA HASHMI MS,,,,"No source ID found by exact name, phone, or conservative name matching"
unavailable,CISS/TCS/2025-26/909,ABHINAV BP,9605967067,Malappuram,536488,,exact_name,name,ABHINAV BP,536488 | 633,,,Multiple source IDs; no unique assignment
unavailable,CISS/TCS/2025-26/149,ABIDA ABIDA,7034752922,Malappuram,,,exact_name,none,ABIDA ABIDA,,,,"No source ID found by exact name, phone, or conservative name matching"
unavailable,CISS/TCS/2025-26/1264,LAKSHMI GIREESH,9539175235,Thrissur,507197,,exact_name,none,LAKSHMI GIREESH,,,,"No source ID found by exact name, phone, or conservative name matching"
unavailable,CISS/TCS/2026-27/283,RAHMA ABDUL RASHEED,7510564994,Thrissur,00000,,exact_name,none,RAHMA ABDUL RASHEED,,,,"No source ID found by exact name, phone, or conservative name matching"
unavailable,CISS/TCS/2026-27/399,HANSHID RAHMAN K,9895775490,Malappuram,000000,,exact_name,none,HANSHID RAHMAN K,,,,"No source ID found by exact name, phone, or conservative name matching"
unavailable,CISS/TCS/2025-26/972,NAYANA PANICKER,7025471755,Alappuzha, 462423,,exact_name,none,NAYANA PANICKER,,,,"No source ID found by exact name, phone, or conservative name matching"
unavailable,CISS/TCS/2026-27/022,DILSHAD ASHRAF,9778438464,Kannur,****,,exact_name,none,DILSHAD ASHRAF,,,,"No source ID found by exact name, phone, or conservative name matching"
unavailable,CISS/TCS/2026-27/385,ANANDU KS,8606311067,Kottayam,549486,,exact_name,none,ANANDU KS,,,,"No source ID found by exact name, phone, or conservative name matching"
unavailable,CISS/TCS/2025-26/137,SOORAJ CR,7907855402,Kannur,000,,exact_name,none,SOORAJ CR,,,,"No source ID found by exact name, phone, or conservative name matching"
unavailable,CISS/TCS/2025-26/767,SHEEBA BINU,7560873031,Pathanamthitta, 460373,,exact_name,none,SHEEBA BINU,,,,"No source ID found by exact name, phone, or conservative name matching"
unavailable,CISS/TCS/2026-27/034,SIDHARTH C.M,9074852283,Palakkad,000000,,exact_name,none,SIDHARTH C.M,,,,"No source ID found by exact name, phone, or conservative name matching"
unavailable,CISS/TCS/2026-27/657,NIKHIL A M,7907339177,Thrissur,000000,,exact_name,none,NIKHIL A M,,,,"No source ID found by exact name, phone, or conservative name matching"
unavailable,CISS/TCS/2025-26/184,AL  AMANI N,9539372672,Kollam,TCS@8606,,exact_name,none,AL  AMANI N,,,,"No source ID found by exact name, phone, or conservative name matching"
unavailable,CISS/TCS/2025-26/1077,ADWAITH  T,9745264523,Kannur,514392,,exact_name,none,ADWAITH  T,,,,"No source ID found by exact name, phone, or conservative name matching"
unavailable,CISS/TCS/2026-27/103,OM DOLTADE,7012765699,Thrissur,000000,,exact_name,none,OM DOLTADE,,,,"No source ID found by exact name, phone, or conservative name matching"
unavailable,CISS/TCS/2025-26/531,Evaan S Thomas ,7356596123,Kollam,724345,,exact_name,none,Evaan S Thomas ,,,,"No source ID found by exact name, phone, or conservative name matching"
unavailable,CISS/TCS/2026-27/413,SREEJA K,9946267979,Kasaragod,586440,,exact_name,none,SREEJA K,,,,"No source ID found by exact name, phone, or conservative name matching"
unavailable,CISS/TCS/2026-27/829,ATHUL TS TS,6238326824,Thrissur,00,,exact_name,none,ATHUL TS TS,,,,"No source ID found by exact name, phone, or conservative name matching"
unavailable,CISS/TCS/2026-27/106,NANDANA CS,8943484017,Thrissur,000000,,exact_name,none,NANDANA CS,,,,"No source ID found by exact name, phone, or conservative name matching"
unavailable,CISS/TCS/2025-26/599,SHAHINA  V A,9496603328,Palakkad,518757,,exact_name,none,SHAHINA  V A,,,,"No source ID found by exact name, phone, or conservative name matching"
unavailable,CISS/TCS/2025-26/167,SANJU  IGNATIOUS,7994616357,Thrissur,TCS00000,,exact_name,none,SANJU  IGNATIOUS,,,,"No source ID found by exact name, phone, or conservative name matching"
unavailable,CISS/TCS/2026-27/255,BHAGYALAKSHMI K BABU,9846764124,Thrissur,568659 ,,exact_name,none,BHAGYALAKSHMI K BABU,,,,"No source ID found by exact name, phone, or conservative name matching"
unavailable,CISS/CSIR/2026-27/100,MANU JA,9633793061,Thiruvananthapuram,,,exact_name,none,MANU JA,,,,"No source ID found by exact name, phone, or conservative name matching"
unavailable,CISS/TCS/2026-27/856,KRISHNANJALI V B,9567551965,Thrissur,00000,,exact_name,none,KRISHNANJALI V B,,,,"No source ID found by exact name, phone, or conservative name matching"
unavailable,CISS/TCS/2026-27/348,HANA FATHIMA,7736848089,Ernakulam,123456,,exact_name,none,HANA FATHIMA,,,,"No source ID found by exact name, phone, or conservative name matching"
unavailable,CISS/TCS/2026-27/276,SHAMIL METHAR,9947988120,Kottayam,590711,,exact_name,none,SHAMIL METHAR,,,,"No source ID found by exact name, phone, or conservative name matching"
unavailable,CISS/TCS/2026-27/704,MERIN E B,8590462287,Thrissur,00000,,exact_name,none,MERIN E B,,,,"No source ID found by exact name, phone, or conservative name matching"
unavailable,CISS/TCS/2025-26/879,SOURAV  SANTHOSH K,9496210959,Kannur, 471264,,exact_name,none,SOURAV  SANTHOSH K,,,,"No source ID found by exact name, phone, or conservative name matching"
unavailable,CISS/TCS/2025-26/1259,ANASWARA AR MANOJ,9447036926,Thiruvananthapuram,Abc123,,exact_name,none,ANASWARA AR MANOJ,,,,"No source ID found by exact name, phone, or conservative name matching"
unavailable,CISS/TCS/2025-26/490,JOHNSI SHERLY,9778528744,Thiruvananthapuram, 503830,,exact_name,none,JOHNSI SHERLY,,,,"No source ID found by exact name, phone, or conservative name matching"
unavailable,CISS/TCS/2026-27/084,SOORAJ T BINEESH,9496500268,Thrissur,000000,,exact_name,none,SOORAJ T BINEESH,,,,"No source ID found by exact name, phone, or conservative name matching"
unavailable,CISS/TCS/2025-26/1393,SHARON P R,8921377057,Kottayam,510550,,exact_name,none,SHARON P R,,,,"No source ID found by exact name, phone, or conservative name matching"
unavailable,CISS/TCS/2025-26/1312,Jaseela naseer Jaseela ,9539809562,Thiruvananthapuram,382150924250,,exact_name,none,Jaseela naseer Jaseela ,,,,"No source ID found by exact name, phone, or conservative name matching"
unavailable,CISS/TCS/2026-27/107,HASNA NAURIN,9495924566,Thrissur,000000,,exact_name,none,HASNA NAURIN,,,,"No source ID found by exact name, phone, or conservative name matching"
unavailable,CISS/TCS/2025-26/1238,MAYA B,7012115192,Thiruvananthapuram,681562,,exact_name,none,MAYA B,,,,"No source ID found by exact name, phone, or conservative name matching"
unavailable,CISS/TCS/2026-27/561,JUSTIN K J,9947712866,Kottayam,123455,,exact_name,none,JUSTIN K J,,,,"No source ID found by exact name, phone, or conservative name matching"
unavailable,CISS/TCS/2025-26/868,SAI SANGEETHA MS,7306525425,Thrissur,00000,,exact_name,none,SAI SANGEETHA MS,,,,"No source ID found by exact name, phone, or conservative name matching"
unavailable,CISS/TCS/2026-27/529,NORMI P.M,9947935418,Thrissur,000000,,exact_name,none,NORMI P.M,,,,"No source ID found by exact name, phone, or conservative name matching"
unavailable,CISS/TCS/2026-27/303,ANTO IGNATIOUS,9656776698,Thrissur,000000,,exact_name,none,ANTO IGNATIOUS,,,,"No source ID found by exact name, phone, or conservative name matching"
unavailable,CISS/DEMO/2026-27/G4206,Dummy Guard,9000004206,Ernakulam,,,exact_name,none,Dummy Guard,,,,"No source ID found by exact name, phone, or conservative name matching"
unavailable,CISS/TCS/2026-27/821,SONY ANTONY,9633516720,Kannur,586414,,exact_name,none,SONY ANTONY,,,,"No source ID found by exact name, phone, or conservative name matching"
unavailable,CISS/TCS/2026-27/979,TS RAMNATH,9495169128,Thrissur,000000,,exact_name,none,TS RAMNATH,,,,"No source ID found by exact name, phone, or conservative name matching"
unavailable,CISS/TCS/2025-26/1057,JAGANATHAN  VS,8590176189,Thiruvananthapuram,,,fuzzy_name,name,JAGANATHAN S,,,,"No source ID found by exact name, phone, or conservative name matching"
unavailable,CISS/TCS/2026-27/357,SUMAYYA PK,9846798250,Palakkad,000000,,exact_name,none,SUMAYYA PK,,,,"No source ID found by exact name, phone, or conservative name matching"
unavailable,CISS/TCS/2026-27/699,ABDUL NIHAL H,9744002286,Kollam,2600,,exact_name,none,ABDUL NIHAL H,,,,"No source ID found by exact name, phone, or conservative name matching"
unavailable,CISS/TCS/2026-27/353,NABEELA MOL SHAKEER,6238985731,Kottayam,553543,,exact_name,none,NABEELA MOL SHAKEER,,,,"No source ID found by exact name, phone, or conservative name matching"
unavailable,CISS/TCS/2025-26/369,Mohammed Adhil,9995238320,Kollam,TCS724338,,exact_name,none,Mohammed Adhil,,,,"No source ID found by exact name, phone, or conservative name matching"
unavailable,CISS/TCS/2025-26/325,REMYA SIVA,7902501452,Thiruvananthapuram,458964,,exact_name,none,REMYA SIVA,,,,"No source ID found by exact name, phone, or conservative name matching"
unavailable,CISS/TCS/2025-26/289,SANJAY S,7012450262,Kasaragod,00,,exact_name,name,SANJAY S,,,,"No source ID found by exact name, phone, or conservative name matching"
unavailable,CISS/TCS/2026-27/076,ANUBADRA SURESH,8606619805,Thrissur,000000,,exact_name,none,ANUBADRA SURESH,,,,"No source ID found by exact name, phone, or conservative name matching"
unavailable,CISS/TCS/2025-26/1172,SHIBLA MOL K,9037159453,Malappuram,509234,,exact_name,none,SHIBLA MOL K,,,,"No source ID found by exact name, phone, or conservative name matching"
unavailable,CISS/TCS/2025-26/1007,DRAUPATH K MANOJ,9207551821,Kozhikode,00,,exact_name,none,DRAUPATH K MANOJ,,,,"No source ID found by exact name, phone, or conservative name matching"
unavailable,CISS/TCS/2025-26/127,DEVANANDA KG,9446756537,Thrissur,,,exact_name,none,DEVANANDA KG,,,,"No source ID found by exact name, phone, or conservative name matching"
unavailable,CISS/TCS/2025-26/151,PURUSHOTTAMAN  THANKAPAN ,8606381836,Alappuzha,123456,,exact_name,none,PURUSHOTTAMAN  THANKAPAN ,,,,"No source ID found by exact name, phone, or conservative name matching"
unavailable,CISS/TCS/2025-26/560,MUHAMMAD ASLAM  PA,9947919147,Thrissur,000000,,exact_name,none,MUHAMMAD ASLAM  PA,,,,"No source ID found by exact name, phone, or conservative name matching"
unavailable,CISS/TCS/2025-26/595,BINU SREEDHARAN,9961230160,Pathanamthitta,461472,,exact_name,none,BINU SREEDHARAN,,,,"No source ID found by exact name, phone, or conservative name matching"
unavailable,CISS/TCS/2025-26/308,SHAHMA  P,7025641882,Malappuram,0000000,,exact_name,none,SHAHMA  P,,,,"No source ID found by exact name, phone, or conservative name matching"
unavailable,CISS/TCS/2026-27/740,NANDHU V R,8593056170,Kottayam,859305,,exact_name,none,NANDHU V R,,,,"No source ID found by exact name, phone, or conservative name matching"
unavailable,CISS/TCS/2025-26/1401,ADITHYA A D,8921727152,Thrissur,504218,,exact_name,none,ADITHYA A D,,,,"No source ID found by exact name, phone, or conservative name matching"
unavailable,CISS/TCS/2026-27/637,MANJU MANJU,9995438246,Palakkad,0000,,exact_name,none,MANJU MANJU,,,,"No source ID found by exact name, phone, or conservative name matching"
unavailable,CISS/TCS/2026-27/515,FOUSIYA T A,8891872251,Kasaragod,00000,,exact_name,none,FOUSIYA T A,,,,"No source ID found by exact name, phone, or conservative name matching"
unavailable,CISS/TCS/2026-27/855,HESSANA JAMAL PULIYANAKAYIL,9895951771,Thrissur,00000,,exact_name,none,HESSANA JAMAL PULIYANAKAYIL,,,,"No source ID found by exact name, phone, or conservative name matching"
unavailable,CISS/TCS/2026-27/942,FATHIMA  SHIBA,7907693476,Kasaragod, 548551,,exact_name,none,FATHIMA  SHIBA,,,,"No source ID found by exact name, phone, or conservative name matching"
unavailable,CISS/TCS/2025-26/635,AKSHAY  N S,8714054535,Thrissur,123456,,exact_name,none,AKSHAY  N S,,,,"No source ID found by exact name, phone, or conservative name matching"
unavailable,CISS/TCS/2025-26/243,PRANAV SASIKUMAR,9778193884,Pathanamthitta,123456,,exact_name,none,PRANAV SASIKUMAR,,,,"No source ID found by exact name, phone, or conservative name matching"
unavailable,CISS/TCS/2025-26/301,AROGYADAS  M,7994237244,Thiruvananthapuram,497554,,exact_name,none,AROGYADAS  M,,,,"No source ID found by exact name, phone, or conservative name matching"
unavailable,CISS/TCS/2026-27/437,AKHIL E M,9961337213,Thrissur,000000,,exact_name,none,AKHIL E M,,,,"No source ID found by exact name, phone, or conservative name matching"
unavailable,CISS/TCS/2026-27/753,NIVED PRADEEP,9497233428,Kannur,568626,,exact_name,none,NIVED PRADEEP,,,,"No source ID found by exact name, phone, or conservative name matching"
unavailable,CISS/TCS/2026-27/480,SHAHABAS AMAN,8714517584,Ernakulam,00000,,exact_name,none,SHAHABAS AMAN,,,,"No source ID found by exact name, phone, or conservative name matching"
unavailable,CISS/TCS/2026-27/731,VISHAL K M,9656441229,Thrissur,558609 ,,exact_name,none,VISHAL K M,,,,"No source ID found by exact name, phone, or conservative name matching"
unavailable,CISS/TCS/2025-26/209,PRABEENA  R,7025801814,Palakkad,905939,,exact_name,none,PRABEENA  R,,,,"No source ID found by exact name, phone, or conservative name matching"
unavailable,CISS/TCS/2025-26/1375,APARNA P. S,8590152113,Thrissur,366888,,exact_name,none,APARNA P. S,,,,"No source ID found by exact name, phone, or conservative name matching"
unavailable,CISS/TCS/2025-26/1303,Nahjin AM,8848806173,Thrissur,000000,,exact_name,none,Nahjin AM,,,,"No source ID found by exact name, phone, or conservative name matching"
unavailable,CISS/TCS/2025-26/844,N S BHARATH KRISHNA ,8590940439,Thrissur,499887,,exact_name,none,N S BHARATH KRISHNA ,,,,"No source ID found by exact name, phone, or conservative name matching"
unavailable,CISS/TCS/2025-26/608,SYAMALA  JAYARAJ ,7403003004,Kollam,517485,,exact_name,none,SYAMALA  JAYARAJ ,,,,"No source ID found by exact name, phone, or conservative name matching"
unavailable,CISS/TCS/2026-27/253,ADITYAN MOHAN,7994243809,Kottayam,380909,,exact_name,none,ADITYAN MOHAN,,,,"No source ID found by exact name, phone, or conservative name matching"
unavailable,CISS/TCS/2025-26/606,ATHMIKHA  SHIJO,8086495467,Thrissur, 461496,,exact_name,none,ATHMIKHA  SHIJO,,,,"No source ID found by exact name, phone, or conservative name matching"
unavailable,CISS/TCS/2026-27/390,KALAISELVI M,9188357603,Idukki,123345,,exact_name,none,KALAISELVI M,,,,"No source ID found by exact name, phone, or conservative name matching"
unavailable,CISS/TCS/2026-27/998,SOUMYA G,7902503811,Thiruvananthapuram,1234678,,exact_name,none,SOUMYA G,,,,"No source ID found by exact name, phone, or conservative name matching"
unavailable,CISS/TCS/2025-26/1283,BAHABULAB BEEGAM.PI,9497104613,Lakshadweep,147072,,fuzzy_name,name,BAHABULA BEEGAM PI,,,,"No source ID found by exact name, phone, or conservative name matching"
unavailable,CISS/TCS/2026-27/492,VARGHESE KURIAN,9447132942,Kottayam,Id 744802456,,exact_name,none,VARGHESE KURIAN,,,,"No source ID found by exact name, phone, or conservative name matching"
unavailable,CISS/TCS/2025-26/602,SREE KRISHNA  PL,7510173894,Thrissur,503862,,exact_name,none,SREE KRISHNA  PL,,,,"No source ID found by exact name, phone, or conservative name matching"
unavailable,CISS/TCS/2025-26/1296,MUHAMMED  SHAN,9061760757,Thiruvananthapuram,,,exact_name,none,MUHAMMED  SHAN,,,,"No source ID found by exact name, phone, or conservative name matching"
unavailable,CISS/TCS/2026-27/645,ABIYA JINSON,6238253059,Thrissur,000000,,exact_name,none,ABIYA JINSON,,,,"No source ID found by exact name, phone, or conservative name matching"
unavailable,CISS/TCS/2026-27/302,LEEMA PARAMBETH,9744697459,Ernakulam,000000,,exact_name,none,LEEMA PARAMBETH,,,,"No source ID found by exact name, phone, or conservative name matching"
unavailable,CISS/TCS/2026-27/949,MANASA P,9778502292,Thrissur,000000,,exact_name,none,MANASA P,,,,"No source ID found by exact name, phone, or conservative name matching"
unavailable,CISS/TCS/2025-26/1344,SANJU  XAVIOR ,9061437439,Thrissur,00,,exact_name,none,SANJU  XAVIOR ,,,,"No source ID found by exact name, phone, or conservative name matching"
unavailable,CISS/TCS/2026-27/143,AJMAL N N,8590610288,Ernakulam,12345,,exact_name,none,AJMAL N N,,,,"No source ID found by exact name, phone, or conservative name matching"
unavailable,CISS/TCS/2026-27/301,TS DEVIKA,8157911689,Thrissur,0000,,exact_name,none,TS DEVIKA,,,,"No source ID found by exact name, phone, or conservative name matching"
unavailable,CISS/TCS/2025-26/966,SREE NANDHINI  R NAIR,8606370488,Kottayam,254457,,exact_name,none,SREE NANDHINI  R NAIR,,,,"No source ID found by exact name, phone, or conservative name matching"
unavailable,CISS/TCS/2025-26/1060,SANTHOSH KUMAR  BHASKARAN ,9526629542,Kollam,530895,,exact_name,none,SANTHOSH KUMAR  BHASKARAN ,,,,"No source ID found by exact name, phone, or conservative name matching"
unavailable,CISS/TCS/2025-26/1342,PRAMA TK,8606916996,Malappuram,,,exact_name,none,PRAMA TK,,,,"No source ID found by exact name, phone, or conservative name matching"
unavailable,CISS/TCS/2025-26/1239,BABU RAGHAVAN,9747316131,Alappuzha,226760,,exact_name,none,BABU RAGHAVAN,,,,"No source ID found by exact name, phone, or conservative name matching"
unavailable,CISS/TCS/2025-26/358,RINIMOL  SIJU ,9544437279,Kottayam,518378,,exact_name,none,RINIMOL  SIJU ,,,,"No source ID found by exact name, phone, or conservative name matching"
unavailable,CISS/TCS/2025-26/1324,JITHIN  PAUL,9567754309,Ernakulam, 459656,,exact_name,none,JITHIN  PAUL,,,,"No source ID found by exact name, phone, or conservative name matching"
unavailable,CISS/TCS/2025-26/371,ANAGHA LAKSHMI ,9074335411,Thrissur,00000,,exact_name,none,ANAGHA LAKSHMI ,,,,"No source ID found by exact name, phone, or conservative name matching"
unavailable,CISS/TCS/2025-26/707,SHYJA MURALIDHARAN ,9544981354,Malappuram,000000,,exact_name,none,SHYJA MURALIDHARAN ,,,,"No source ID found by exact name, phone, or conservative name matching"
unavailable,CISS/TCS/2025-26/925,HANEENA K KOTTA,9961713091,Wayanad,308208,,exact_name,none,HANEENA K KOTTA,,,,"No source ID found by exact name, phone, or conservative name matching"
unavailable,CISS/TCS/2025-26/1286,AMALDEV VS,9633182510,Thrissur,503843,,exact_name,none,AMALDEV VS,,,,"No source ID found by exact name, phone, or conservative name matching"
unavailable,CISS/TCS/2026-27/876,MUHAMMED SAFUWAN,9747606773,Kollam,1832,,exact_name,none,MUHAMMED SAFUWAN,,,,"No source ID found by exact name, phone, or conservative name matching"
unavailable,CISS/TCS/2026-27/977,NIDHI V ANIL,9995932075,Thiruvananthapuram,00000,,exact_name,none,NIDHI V ANIL,,,,"No source ID found by exact name, phone, or conservative name matching"
unavailable,CISS/TCS/2025-26/439,MOHAMMED  FADHIL SHAJAHAN ,9446431294,Thrissur,0000000,,exact_name,none,MOHAMMED  FADHIL SHAJAHAN ,,,,"No source ID found by exact name, phone, or conservative name matching"
unavailable,CISS/TCS/2025-26/1151,GAUTHAM G,6235756901,Alappuzha,123577,,exact_name,none,GAUTHAM G,,,,"No source ID found by exact name, phone, or conservative name matching"
unavailable,CISS/TCS/2025-26/976,SHAINA A S,9048402406,Thiruvananthapuram,509345,,exact_name,none,SHAINA A S,,,,"No source ID found by exact name, phone, or conservative name matching"
unavailable,CISS/TCS/2025-26/1367,AFLAH BIJU HAMEED ,7034891658,Thrissur,00,,exact_name,none,AFLAH BIJU HAMEED ,,,,"No source ID found by exact name, phone, or conservative name matching"
unavailable,CISS/TCS/2025-26/505,BABU K R,9446864151,Idukki,9446864151,,exact_name,none,BABU K R,,,,"No source ID found by exact name, phone, or conservative name matching"
unavailable,CISS/TCS/2025-26/504,Abhinav V S,8848680726,Thiruvananthapuram,TCS8848,,exact_name,none,Abhinav V S,,,,"No source ID found by exact name, phone, or conservative name matching"
unavailable,CISS/TCS/2026-27/784,ANAGHA NA,9895125974,Thrissur,000000,,exact_name,none,ANAGHA NA,,,,"No source ID found by exact name, phone, or conservative name matching"
unavailable,CISS/TCS/2025-26/1348,SHAMILY SHAJI,8943410062,Pathanamthitta,123456,,exact_name,none,SHAMILY SHAJI,,,,"No source ID found by exact name, phone, or conservative name matching"
unavailable,CISS/TCS/2025-26/775,Shamal Thazhe veettil,9526582568,Kannur,340701,,exact_name,none,Shamal Thazhe veettil,,,,"No source ID found by exact name, phone, or conservative name matching"
unavailable,CISS/TCS/2026-27/583,SHRADHA SHAM,8589876821,Thrissur,000000,,exact_name,none,SHRADHA SHAM,,,,"No source ID found by exact name, phone, or conservative name matching"
unavailable,CISS/TCS/2026-27/113,RIDA RASITH,9778751265,Kozhikode,00,,exact_name,none,RIDA RASITH,,,,"No source ID found by exact name, phone, or conservative name matching"
unavailable,CISS/TCS/2025-26/1168,ALJOE C MATHEW,8129843354,Thrissur,00,,exact_name,none,ALJOE C MATHEW,,,,"No source ID found by exact name, phone, or conservative name matching"
unavailable,CISS/TCS/2025-26/251,ARYA SS  NAIR ,8590887995,Thiruvananthapuram,464255,,exact_name,none,ARYA SS  NAIR ,,,,"No source ID found by exact name, phone, or conservative name matching"
unavailable,CISS/TCS/2025-26/041,D NIGHANA ,7510782566,Palakkad,503727,,exact_name,none,D NIGHANA ,,,,"No source ID found by exact name, phone, or conservative name matching"
unavailable,CISS/TCS/2025-26/631,ASWATHY  VIKRAMAN,8891001479,Alappuzha,231684,,exact_name,none,ASWATHY  VIKRAMAN,,,,"No source ID found by exact name, phone, or conservative name matching"
unavailable,CISS/TCS/2026-27/139,VIJAYAN K,8086296934,Kozhikode,00,,exact_name,none,VIJAYAN K,,,,"No source ID found by exact name, phone, or conservative name matching"
unavailable,CISS/TCS/2025-26/857,ANANDHU MOHANAN,6238180437,Kottayam,123456,,exact_name,none,ANANDHU MOHANAN,,,,"No source ID found by exact name, phone, or conservative name matching"
unavailable,CISS/TCS/2025-26/1278,SURYADAS  P,7593035160,Palakkad,568514 ,,exact_name,none,SURYADAS  P,,,,"No source ID found by exact name, phone, or conservative name matching"
unavailable,CISS/TCS/2025-26/260,MUHAMMED NIHAL TP  NIHAL ,8113005243,Malappuram,0000000,,exact_name,none,MUHAMMED NIHAL TP  NIHAL ,,,,"No source ID found by exact name, phone, or conservative name matching"
unavailable,CISS/TCS/2026-27/442,HASANUL BANNA BANNA,7736946245,Thrissur,555514,,exact_name,none,HASANUL BANNA BANNA,,,,"No source ID found by exact name, phone, or conservative name matching"
unavailable,CISS/TCS/2025-26/1242,RAMZIA TB,8078306092,Kottayam,12345,,exact_name,none,RAMZIA TB,,,,"No source ID found by exact name, phone, or conservative name matching"
unavailable,CISS/TCS/2025-26/1411,LINCY  ASEES,7558836338,Ernakulam,460430,,exact_name,none,LINCY  ASEES,,,,"No source ID found by exact name, phone, or conservative name matching"
unavailable,CISS/TCS/2026-27/608,ANUBIN SARA,6238196320,Kottayam, 548490,,exact_name,none,ANUBIN SARA,,,,"No source ID found by exact name, phone, or conservative name matching"
unavailable,CISS/TCS/2025-26/777,NITHA THANKAMANI,9496697342,Pathanamthitta,458441,,exact_name,none,NITHA THANKAMANI,,,,"No source ID found by exact name, phone, or conservative name matching"
unavailable,CISS/TCS/2026-27/177,RASAL SHAN,8086256366,Wayanad,000000,,exact_name,none,RASAL SHAN,,,,"No source ID found by exact name, phone, or conservative name matching"
unavailable,CISS/TCS/2026-27/127,JAISHEERA KUMMANCHERI,9544792900,Kozhikode,570479,,exact_name,none,JAISHEERA KUMMANCHERI,,,,"No source ID found by exact name, phone, or conservative name matching"
unavailable,CISS/TCS/2025-26/446,ALEN PAUL  VARGHESE,7994282198,Pathanamthitta,123456,,exact_name,none,ALEN PAUL  VARGHESE,,,,"No source ID found by exact name, phone, or conservative name matching"
unavailable,CISS/TCS/2025-26/449,ADILUSMAN  MUTHUVARATHODI,9656339802,Malappuram,000000,,exact_name,none,ADILUSMAN  MUTHUVARATHODI,,,,"No source ID found by exact name, phone, or conservative name matching"
unavailable,CISS/TCS/2025-26/423,M M KADAR  KUNJU,7306348225,Ernakulam, 460431,,exact_name,none,M M KADAR  KUNJU,,,,"No source ID found by exact name, phone, or conservative name matching"
unavailable,CISS/TCS/2025-26/873,SOHAN LIJU  LIJU,8129386550,Thrissur,459658,,exact_name,none,SOHAN LIJU  LIJU,,,,"No source ID found by exact name, phone, or conservative name matching"
unavailable,CISS/TCS/2026-27/537,ABHINAV M,9745545855,Kozhikode,551752,,exact_name,none,ABHINAV M,,,,"No source ID found by exact name, phone, or conservative name matching"
unavailable,CISS/TCS/2025-26/118,S.BHARATHI S BHARATHI ,9995591671,Palakkad,442223,,exact_name,none,S.BHARATHI S BHARATHI ,,,,"No source ID found by exact name, phone, or conservative name matching"
unavailable,CISS/TCS/2025-26/1146,SUMAYYA KB,9496163631,Lakshadweep,000000,,exact_name,none,SUMAYYA KB,,,,"No source ID found by exact name, phone, or conservative name matching"
unavailable,CISS/TCS/2026-27/872,ROSHNI KAMATH,8089172130,Thrissur,.,,exact_name,none,ROSHNI KAMATH,,,,"No source ID found by exact name, phone, or conservative name matching"
unavailable,CISS/TCS/2025-26/235,CHRIS  J ENOKKARAN,9544318017,Thrissur,00,,exact_name,none,CHRIS  J ENOKKARAN,,,,"No source ID found by exact name, phone, or conservative name matching"
unavailable,CISS/TCS/2025-26/372,SOORAJ  S,8590710260,Palakkad,000000,,exact_name,none,SOORAJ  S,,,,"No source ID found by exact name, phone, or conservative name matching"
unavailable,CISS/TCS/2025-26/1405,VISHNU LAL,8129178843,Kottayam,dummy,,exact_name,none,VISHNU LAL,,,,"No source ID found by exact name, phone, or conservative name matching"
unavailable,CISS/TCS/2025-26/770,ATHIRA SURENDRAN,7736742036,Thrissur,000000,,exact_name,none,ATHIRA SURENDRAN,,,,"No source ID found by exact name, phone, or conservative name matching"
unavailable,CISS/TCS/2025-26/056,SINCY JOSEPH,9061922893,Pathanamthitta,453661,,exact_name,none,SINCY JOSEPH,,,,"No source ID found by exact name, phone, or conservative name matching"
unavailable,CISS/TCS/2025-26/175,AMAN VP,8075666392,Malappuram,510008,,exact_name,none,AMAN VP,,,,"No source ID found by exact name, phone, or conservative name matching"
unavailable,CISS/TCS/2025-26/354,PRASANTH  VARGHESE ,8129519179,Thiruvananthapuram,464909,,exact_name,none,PRASANTH  VARGHESE ,,,,"No source ID found by exact name, phone, or conservative name matching"
unavailable,CISS/TCS/2026-27/806,SANJANA V,9995463826,Thrissur,00000,,fuzzy_name,name,SANJANA,,,,"No source ID found by exact name, phone, or conservative name matching"
unavailable,CISS/TCS/2026-27/270,ARUNIMA VINOD,9292369656,Kottayam,000000,,exact_name,none,ARUNIMA VINOD,,,,"No source ID found by exact name, phone, or conservative name matching"
unavailable,CISS/TCS/2025-26/977,Ashlin S Philip,7306835881,Kollam,724345,,exact_name,none,Ashlin S Philip,,,,"No source ID found by exact name, phone, or conservative name matching"
unavailable,CISS/TCS/2025-26/1422,SREELAKSHMI  THANKAPPAN ,6238619734,Kottayam,Dim,,exact_name,none,SREELAKSHMI  THANKAPPAN ,,,,"No source ID found by exact name, phone, or conservative name matching"
unavailable,CISS/CSIR/2025-26/933,SREEHARI  JAYAKUMAR ,7025410069,Thiruvananthapuram,,,exact_name,name,SREEHARI  JAYAKUMAR ,148 | 520016,,,Multiple source IDs; no unique assignment
unavailable,CISS/TCS/2026-27/985,SMITHA PAUL,8943016659,Alappuzha,123456,,exact_name,none,SMITHA PAUL,,,,"No source ID found by exact name, phone, or conservative name matching"
unavailable,CISS/TCS/2025-26/516,HIBA K,9747575991,Malappuram,000000,,exact_name,none,HIBA K,,,,"No source ID found by exact name, phone, or conservative name matching"
unavailable,CISS/TCS/2025-26/698,HASEENA  K K,9747331191,Palakkad,,,exact_name,none,HASEENA  K K,,,,"No source ID found by exact name, phone, or conservative name matching"
unavailable,CISS/TCS/2026-27/042,NOORA PV,9645360739,Palakkad,000000,,exact_name,none,NOORA PV,,,,"No source ID found by exact name, phone, or conservative name matching"
unavailable,CISS/TCS/2025-26/815,LEKHA BIJU,9745618629,Alappuzha,234142,,exact_name,none,LEKHA BIJU,,,,"No source ID found by exact name, phone, or conservative name matching"
unavailable,CISS/TCS/2026-27/839,ADHARSH H,8086615763,Thiruvananthapuram,563442 ,,exact_name,none,ADHARSH H,,,,"No source ID found by exact name, phone, or conservative name matching"
unavailable,CISS/TCS/2025-26/202,ANIL DEV,9633671971,Thiruvananthapuram,478927,,exact_name,none,ANIL DEV,,,,"No source ID found by exact name, phone, or conservative name matching"
unavailable,CISS/CSIR/2025-26/361,ADIL SALAH CK,9778017457,Malappuram,,,exact_name,none,ADIL SALAH CK,,,,"No source ID found by exact name, phone, or conservative name matching"
unavailable,CISS/TCS/2025-26/1272,DHANESH K,9995009638,Kozhikode,506150,,exact_name,none,DHANESH K,,,,"No source ID found by exact name, phone, or conservative name matching"
unavailable,CISS/TCS/2026-27/857,SAHALA N M,9745224518,Thrissur,000000,,exact_name,none,SAHALA N M,,,,"No source ID found by exact name, phone, or conservative name matching"
unavailable,CISS/TCS/2025-26/493,Nidhish Babu,7902573704,Idukki,889262189555,,exact_name,none,Nidhish Babu,,,,"No source ID found by exact name, phone, or conservative name matching"
unavailable,CISS/TCS/2025-26/1027,POURNAMI RAJ ,9995072092,Kollam,510006,,exact_name,none,POURNAMI RAJ ,,,,"No source ID found by exact name, phone, or conservative name matching"
unavailable,CISS/TCS/2025-26/1266,NAJA  FATHIMA,7356036120,Thrissur,00,,exact_name,none,NAJA  FATHIMA,,,,"No source ID found by exact name, phone, or conservative name matching"
unavailable,CISS/TCS/2025-26/1022,NAHLA  K,9074623441,Palakkad,0000000,,exact_name,none,NAHLA  K,,,,"No source ID found by exact name, phone, or conservative name matching"
unavailable,CISS/TCS/2025-26/1385,MOHAMMED FADHIL  SHAJAHAN ,9947041294,Thrissur,,,exact_name,none,MOHAMMED FADHIL  SHAJAHAN ,,,,"No source ID found by exact name, phone, or conservative name matching"
unavailable,CISS/TCS/2025-26/1415,MANUKUTTAN  T,8590166995,Idukki,722689248680,,exact_name,none,MANUKUTTAN  T,,,,"No source ID found by exact name, phone, or conservative name matching"
unavailable,CISS/TCS/2025-26/941,MILAN BIJU,7306707580,Kottayam,541887,,exact_name,none,MILAN BIJU,,,,"No source ID found by exact name, phone, or conservative name matching"
unavailable,CISS/TCS/2025-26/384,PRASANNAKUMARI  EG,8547855981,Alappuzha,123232,,exact_name,none,PRASANNAKUMARI  EG,,,,"No source ID found by exact name, phone, or conservative name matching"
unavailable,CISS/TCS/2025-26/1016,AMITHA  RAO A,8138044749,Thiruvananthapuram,474900,,exact_name,none,AMITHA  RAO A,,,,"No source ID found by exact name, phone, or conservative name matching"
unavailable,CISS/TCS/2025-26/1398,ASWIN RAJ  KK,7994810033,Kozhikode,285178,,exact_name,none,ASWIN RAJ  KK,,,,"No source ID found by exact name, phone, or conservative name matching"
unavailable,CISS/TCS/2025-26/793,RUMAISA  C,8157809524,Palakkad,0000000,,exact_name,none,RUMAISA  C,,,,"No source ID found by exact name, phone, or conservative name matching"
unavailable,CISS/TCS/2025-26/068,CHRISTY  NETTO ,9745871605,Thiruvananthapuram,,,exact_name,none,CHRISTY  NETTO ,,,,"No source ID found by exact name, phone, or conservative name matching"
unavailable,CISS/TCS/2026-27/888,SAMUEL DAISON,9895906403,Thrissur,000000,,exact_name,none,SAMUEL DAISON,,,,"No source ID found by exact name, phone, or conservative name matching"
unavailable,CISS/TCS/2026-27/811,MANU M,8921422705,Kollam,1986,,exact_name,none,MANU M,,,,"No source ID found by exact name, phone, or conservative name matching"
unavailable,CISS/TCS/2025-26/1033,ANOOP  T P ,6282972823,Kottayam,515467,,exact_name,none,ANOOP  T P ,,,,"No source ID found by exact name, phone, or conservative name matching"
unavailable,CISS/TCS/2026-27/610,TS DEVIKAA,8113902139,Thrissur,00000,,exact_name,none,TS DEVIKAA,,,,"No source ID found by exact name, phone, or conservative name matching"
unavailable,CISS/TCS/2026-27/882,RAZIN ABDUL RAHIM,9947889075,Ernakulam,00000,,exact_name,none,RAZIN ABDUL RAHIM,,,,"No source ID found by exact name, phone, or conservative name matching"
unavailable,CISS/TCS/2025-26/849,DINO  THOMAS,9947342696,Kottayam,509383,,exact_name,none,DINO  THOMAS,,,,"No source ID found by exact name, phone, or conservative name matching"
unavailable,CISS/TCS/2025-26/1407,SIMI  ASHARAF,9946685380,Ernakulam,000000,,exact_name,none,SIMI  ASHARAF,,,,"No source ID found by exact name, phone, or conservative name matching"
unavailable,CISS/TCS/2026-27/655,GOWRIKRISHNA KS,9847435422,Thrissur,0000,,exact_name,none,GOWRIKRISHNA KS,,,,"No source ID found by exact name, phone, or conservative name matching"
unavailable,CISS/TCS/2026-27/846,KASIS MUKESH,9341572132,Kasaragod,0000,,exact_name,none,KASIS MUKESH,,,,"No source ID found by exact name, phone, or conservative name matching"
unavailable,CISS/TCS/2026-27/653,SANIYA SUNNY,9946919918,Thrissur,555515,,exact_name,none,SANIYA SUNNY,,,,"No source ID found by exact name, phone, or conservative name matching"
unavailable,CISS/TCS/2026-27/246,ADITHYAN RATHEESH,7736227454,Thrissur,00000,,exact_name,none,ADITHYAN RATHEESH,,,,"No source ID found by exact name, phone, or conservative name matching"
unavailable,CISS/TCS/2025-26/1064,JIJIN G,7034467921,Palakkad,0000,,exact_name,none,JIJIN G,,,,"No source ID found by exact name, phone, or conservative name matching"
unavailable,CISS/TCS/2026-27/896,VIVEK S SUNIL,8943424886,Kollam,2255,,exact_name,none,VIVEK S SUNIL,,,,"No source ID found by exact name, phone, or conservative name matching"
unavailable,CISS/TCS/2025-26/1414,ADAM JOHN,8606545653,Palakkad,00000,,exact_name,none,ADAM JOHN,,,,"No source ID found by exact name, phone, or conservative name matching"
unavailable,CISS/TCS/2025-26/1269,SHIFANA  V A,9645290353,Palakkad,518758,,exact_name,none,SHIFANA  V A,,,,"No source ID found by exact name, phone, or conservative name matching"
unavailable,CISS/TCS/2026-27/426,SANIC KRISHNA PA,9074621981,Thrissur,000000,,exact_name,none,SANIC KRISHNA PA,,,,"No source ID found by exact name, phone, or conservative name matching"
unavailable,CISS/TCS/2025-26/049,Maliq.N.N Maliq.N.N,7736473890,Thrissur,000000,,exact_name,none,Maliq.N.N Maliq.N.N,,,,"No source ID found by exact name, phone, or conservative name matching"
unavailable,CISS/TCS/2025-26/479,THANKAMANI S,9745588027,Kollam,876547,,exact_name,none,THANKAMANI S,,,,"No source ID found by exact name, phone, or conservative name matching"
unavailable,CISS/TCS/2025-26/1212,SOWMIYA  G,9061616315,Thiruvananthapuram,12345,,exact_name,none,SOWMIYA  G,,,,"No source ID found by exact name, phone, or conservative name matching"
unavailable,CISS/TCS/2025-26/917,PRAJEESH P,9496291003,Pathanamthitta,459149,,exact_name,none,PRAJEESH P,,,,"No source ID found by exact name, phone, or conservative name matching"
unavailable,CISS/TCS/2026-27/849,HARIDASAN K V,9744360625,Kannur,568628 ,,exact_name,none,HARIDASAN K V,,,,"No source ID found by exact name, phone, or conservative name matching"
unavailable,CISS/TCS/2025-26/226,SOURAV KUNIYIL ,9074735604,Kannur,152535,,exact_name,none,SOURAV KUNIYIL ,,,,"No source ID found by exact name, phone, or conservative name matching"
unavailable,CISS/TCS/2026-27/960,BINDU THAZHATHUVEETTIL,9895888246,Malappuram,000000,,exact_name,none,BINDU THAZHATHUVEETTIL,,,,"No source ID found by exact name, phone, or conservative name matching"
unavailable,CISS/TCS/2026-27/950,RAYAN PRINCE,8714535762,Kottayam,546501,,exact_name,none,RAYAN PRINCE,,,,"No source ID found by exact name, phone, or conservative name matching"
unavailable,CISS/TCS/2025-26/1104,PARVATHI  ANOOP ,8848686989,Kozhikode,510552,,exact_name,none,PARVATHI  ANOOP ,,,,"No source ID found by exact name, phone, or conservative name matching"
unavailable,CISS/TCS/2026-27/370,SREENATH SREENATHK,9745763932,Kannur,578471628946,,exact_name,none,SREENATH SREENATHK,,,,"No source ID found by exact name, phone, or conservative name matching"
unavailable,CISS/TCS/2025-26/1390,RATHEESH R,9526187787,Kollam,145565,,exact_name,none,RATHEESH R,,,,"No source ID found by exact name, phone, or conservative name matching"
unavailable,CISS/TCS/2025-26/552,SREEVALLYAMMA  KUTTY,8593091543,Alappuzha,748499,,exact_name,none,SREEVALLYAMMA  KUTTY,,,,"No source ID found by exact name, phone, or conservative name matching"
unavailable,CISS/TCS/2026-27/593,MINIMOL M,8086708843,Kozhikode,000000,,exact_name,none,MINIMOL M,,,,"No source ID found by exact name, phone, or conservative name matching"
unavailable,CISS/TCS/2025-26/404,Abhishek D S  77,6238396486,Kollam,Ndhdhsk,,exact_name,none,Abhishek D S  77,,,,"No source ID found by exact name, phone, or conservative name matching"
unavailable,CISS/TCS/2025-26/1135,PRAKASHAN C,9496238380,Kannur,368248,,exact_name,none,PRAKASHAN C,,,,"No source ID found by exact name, phone, or conservative name matching"
unavailable,CISS/TCS/2026-27/945,VIJAYALEKSHMI K,9947192121,Kollam,551671,,fuzzy_name,name,VIJAYALAKSHMI K,,,,"No source ID found by exact name, phone, or conservative name matching"
unavailable,CISS/TCS/2026-27/214,NACHIKETAS VARMA,9188360983,Thrissur,000000,,exact_name,none,NACHIKETAS VARMA,,,,"No source ID found by exact name, phone, or conservative name matching"
unavailable,CISS/TCS/2026-27/972,ADWAITH S,9562735792,Thiruvananthapuram,0000,,exact_name,none,ADWAITH S,,,,"No source ID found by exact name, phone, or conservative name matching"
unavailable,CISS/TCS/2025-26/311,ABHIJITH  BIJU,9074956470,Ernakulam, 484424,,exact_name,none,ABHIJITH  BIJU,,,,"No source ID found by exact name, phone, or conservative name matching"
unavailable,CISS/TCS/2025-26/831,ISHAN SYRIAC,9744089578,Wayanad,459146,,exact_name,none,ISHAN SYRIAC,,,,"No source ID found by exact name, phone, or conservative name matching"
unavailable,CISS/TCS/2026-27/329,NAVAVI NAHAS,9048861530,Thiruvananthapuram,00000,,exact_name,none,NAVAVI NAHAS,,,,"No source ID found by exact name, phone, or conservative name matching"
unavailable,CISS/TCS/2026-27/848,ANWARSHA ALI,9995659760,Ernakulam,1234567890,,exact_name,none,ANWARSHA ALI,,,,"No source ID found by exact name, phone, or conservative name matching"
unavailable,CISS/TCS/2025-26/835,BASIL A B,9207989850,Thrissur,000,,exact_name,none,BASIL A B,,,,"No source ID found by exact name, phone, or conservative name matching"
unavailable,CISS/TCS/2025-26/988,ANAND A,9747669531,Palakkad,285965,,exact_name,none,ANAND A,,,,"No source ID found by exact name, phone, or conservative name matching"
unavailable,CISS/TCS/2025-26/1355,AMRUTHA  C.S,7356200709,Thrissur,508643,,exact_name,none,AMRUTHA  C.S,,,,"No source ID found by exact name, phone, or conservative name matching"
unavailable,CISS/TCS/2025-26/1400,GEENU DEVASSY,8129738147,Ernakulam,000000,,exact_name,none,GEENU DEVASSY,,,,"No source ID found by exact name, phone, or conservative name matching"
unavailable,CISS/TCS/2025-26/583,Swapna kv Kv,7907107328,Kannur,398951,,exact_name,none,Swapna kv Kv,,,,"No source ID found by exact name, phone, or conservative name matching"
unavailable,CISS/TCS/2025-26/757,Muhammad  Ameen ks,8943956753,Thrissur,000000,,exact_name,none,Muhammad  Ameen ks,,,,"No source ID found by exact name, phone, or conservative name matching"
unavailable,CISS/TCS/2025-26/313,BHARATH RAJ  BHARATH,9633107744,Malappuram,370447,,exact_name,none,BHARATH RAJ  BHARATH,,,,"No source ID found by exact name, phone, or conservative name matching"
unavailable,CISS/TCS/2026-27/534,DIYA PARVIN N K,9961314613,Thrissur,572856 ,,exact_name,none,DIYA PARVIN N K,,,,"No source ID found by exact name, phone, or conservative name matching"
unavailable,CISS/TCS/2025-26/1276,MOHAMMED ABDUL KHADER PV,9048653521,Malappuram,518740,,exact_name,none,MOHAMMED ABDUL KHADER PV,,,,"No source ID found by exact name, phone, or conservative name matching"
unavailable,CISS/TCS/2025-26/1424,SIVA RAJ,7012912502,Idukki,285633,,exact_name,none,SIVA RAJ,,,,"No source ID found by exact name, phone, or conservative name matching"
unavailable,CISS/TCS/2025-26/667,IRSHAD. K IRSHAD. K,7736209784,Malappuram,0000000,,exact_name,none,IRSHAD. K IRSHAD. K,,,,"No source ID found by exact name, phone, or conservative name matching"
unavailable,CISS/TCS/2026-27/865,REJI AMAL ROY,8139812506,Thrissur,00000,,exact_name,none,REJI AMAL ROY,,,,"No source ID found by exact name, phone, or conservative name matching"
unavailable,CISS/TCS/2026-27/703,KHAIRUNEESA K,7356982200,Malappuram,000000,,exact_name,none,KHAIRUNEESA K,,,,"No source ID found by exact name, phone, or conservative name matching"
unavailable,CISS/TCS/2026-27/886,ABHIJATH G NATH,9207078238,Kannur,000,,exact_name,none,ABHIJATH G NATH,,,,"No source ID found by exact name, phone, or conservative name matching"
unavailable,CISS/TCS/2026-27/201,SABIDH S,8089412068,Ernakulam,00000,,exact_name,none,SABIDH S,,,,"No source ID found by exact name, phone, or conservative name matching"
unavailable,CISS/TCS/2025-26/1041,HRIJU SIVA P,9061835525,Malappuram,00000,,exact_name,none,HRIJU SIVA P,,,,"No source ID found by exact name, phone, or conservative name matching"
unavailable,CISS/TCS/2025-26/572,RAHULR NAIR,9072038106,Kottayam,509377,,exact_name,none,RAHULR NAIR,,,,"No source ID found by exact name, phone, or conservative name matching"
unavailable,CISS/TCS/2025-26/1408,AMAL JOSHY,9645715404,Ernakulam,484421,,exact_name,none,AMAL JOSHY,,,,"No source ID found by exact name, phone, or conservative name matching"
unavailable,CISS/TCS/2025-26/188,ANJITHA  C A,8590318640,Kottayam,509381,,exact_name,none,ANJITHA  C A,,,,"No source ID found by exact name, phone, or conservative name matching"
unavailable,CISS/TCS/2025-26/1412,RIFANA  P A,9446569192,Palakkad,558661 ,,exact_name,none,RIFANA  P A,,,,"No source ID found by exact name, phone, or conservative name matching"
unavailable,CISS/TCS/2026-27/166,ANJALI K V,8590277673,Thrissur,000000,,exact_name,none,ANJALI K V,,,,"No source ID found by exact name, phone, or conservative name matching"
unavailable,CISS/TCS/2026-27/147,SANJAY P S,7012034780,Palakkad,000000,,fuzzy_name,name,SANJAY S,,,,"No source ID found by exact name, phone, or conservative name matching"
unavailable,CISS/TCS/2026-27/152,ANANTHA KRISHNAN S,9746812094,Thiruvananthapuram,584722,,exact_name,none,ANANTHA KRISHNAN S,,,,"No source ID found by exact name, phone, or conservative name matching"
unavailable,CISS/TCS/2025-26/548,SANDHYA.  S,9048641505,Thiruvananthapuram,00000,,exact_name,none,SANDHYA.  S,,,,"No source ID found by exact name, phone, or conservative name matching"
unavailable,CISS/TCS/2025-26/1268,ADITHYAN K ADITHYAN K,9567828184,Palakkad,300912,,exact_name,none,ADITHYAN K ADITHYAN K,,,,"No source ID found by exact name, phone, or conservative name matching"
unavailable,CISS/TCS/2025-26/1184,MUHAMMAD NAFSIL  NAFSIL ,8943242659,Malappuram,0000000,,exact_name,none,MUHAMMAD NAFSIL  NAFSIL ,,,,"No source ID found by exact name, phone, or conservative name matching"
unavailable,CISS/TCS/2026-27/607,SNEHA P R,7592816019,Thrissur,572857 ,,exact_name,none,SNEHA P R,,,,"No source ID found by exact name, phone, or conservative name matching"
